{"type":"FeatureCollection","name":"vegetation_patches","demo":true,"center":[107.5935,16.5485],"bearing":0,"generator":"scripts/generate-demo-data.mjs","seed":20261001,"features":[{"type":"Feature","properties":{"fid":1,"id":"P001","species_id":"acanthus","height_m":1.8,"crown_diameter_m":12.2,"area_m2":117,"ground_m":0.28,"shore_distance_m":7,"observed_at":"2026-08-26","source":"demo","confidence":0.95,"verified":true,"verified_by":"demo-advisor","notes":"Demo data, not surveyed"},"geometry":{"type":"Polygon","coordinates":[[[107.5913596,16.5474935],[107.5913614,16.5475146],[107.5913551,16.5475409],[107.5913301,16.547554],[107.5913043,16.5475412],[107.5912851,16.5475303],[107.5912609,16.5475188],[107.5912488,16.5474935],[107.5912577,16.5474668],[107.591286,16.5474578],[107.5913048,16.547448],[107.5913298,16.5474341],[107.591359,16.5474415],[107.5913645,16.547471],[107.5913596,16.5474935]]]}},{"type":"Feature","properties":{"fid":2,"id":"P002","species_id":"excoecaria","height_m":5.8,"crown_diameter_m":17.4,"area_m2":237,"ground_m":0.57,"shore_distance_m":39,"observed_at":"2026-07-22","source":"demo","confidence":0.98,"verified":true,"verified_by":"demo-advisor","notes":"Demo data, not surveyed"},"geometry":{"type":"Polygon","coordinates":[[[107.5914395,16.5477631],[107.5914224,16.5477989],[107.5913884,16.5478155],[107.5913622,16.5478359],[107.591322,16.5478592],[107.5912993,16.547818],[107.591285,16.5477908],[107.5912538,16.5477631],[107.5912649,16.5477262],[107.591301,16.5477104],[107.591327,16.5476881],[107.5913678,16.5476668],[107.5913884,16.5477108],[107.5914108,16.5477327],[107.5914395,16.5477631]]]}},{"type":"Feature","properties":{"fid":3,"id":"P003","species_id":"excoecaria","height_m":5.7,"crown_diameter_m":17.8,"area_m2":248,"ground_m":0.87,"shore_distance_m":77,"observed_at":null,"source":"demo","confidence":0.37,"verified":false,"verified_by":null,"notes":"Demo data, not surveyed"},"geometry":{"type":"Polygon","coordinates":[[[107.5914881,16.5480859],[107.591497,16.5481234],[107.5914808,16.5481642],[107.5914372,16.5481762],[107.5913975,16.5481624],[107.591376,16.5481337],[107.5913545,16.5481141],[107.5913411,16.5480859],[107.5913296,16.5480462],[107.5913551,16.5480131],[107.5913939,16.5479942],[107.5914329,16.5480138],[107.5914576,16.5480355],[107.5914769,16.5480577],[107.5914881,16.5480859]]]}},{"type":"Feature","properties":{"fid":4,"id":"P004","species_id":"pandanus","height_m":3.7,"crown_diameter_m":13.7,"area_m2":148,"ground_m":1.07,"shore_distance_m":98,"observed_at":"2026-04-27","source":"demo","confidence":0.8,"verified":true,"verified_by":"demo-advisor","notes":"Demo data, not surveyed"},"geometry":{"type":"Polygon","coordinates":[[[107.5914862,16.5482722],[107.5914876,16.5483046],[107.591466,16.5483307],[107.5914321,16.5483342],[107.5914038,16.5483291],[107.5913866,16.5483092],[107.5913665,16.5482957],[107.5913545,16.5482722],[107.5913476,16.54824],[107.5913686,16.5482135],[107.5914014,16.5482051],[107.591431,16.5482151],[107.5914494,16.5482337],[107.5914674,16.5482491],[107.5914862,16.5482722]]]}},{"type":"Feature","properties":{"fid":5,"id":"P005","species_id":"acanthus","height_m":1.6,"crown_diameter_m":17,"area_m2":227,"ground_m":0.23,"shore_distance_m":8,"observed_at":null,"source":"demo","confidence":0.53,"verified":false,"verified_by":null,"notes":"Demo data, not surveyed"},"geometry":{"type":"Polygon","coordinates":[[[107.5915565,16.5474412],[107.5915581,16.5474728],[107.5915479,16.5475112],[107.5915045,16.5475037],[107.5914737,16.5475083],[107.5914339,16.5475083],[107.5914141,16.5474761],[107.5914221,16.5474412],[107.5914138,16.5474062],[107.5914316,16.5473714],[107.5914748,16.5473787],[107.5915042,16.5473802],[107.5915493,16.5473695],[107.5915633,16.5474072],[107.5915565,16.5474412]]]}},{"type":"Feature","properties":{"fid":6,"id":"P006","species_id":"derris","height_m":2.7,"crown_diameter_m":10.9,"area_m2":93,"ground_m":0.53,"shore_distance_m":34,"observed_at":"2026-03-23","source":"demo","confidence":0.93,"verified":true,"verified_by":"demo-advisor","notes":"Demo data, not surveyed"},"geometry":{"type":"Polygon","coordinates":[[[107.5915492,16.5476672],[107.591555,16.5476913],[107.591536,16.5477072],[107.5915124,16.5477074],[107.5914904,16.5477192],[107.5914667,16.5477107],[107.5914642,16.5476851],[107.5914548,16.5476672],[107.591447,16.5476415],[107.591471,16.547629],[107.591493,16.5476261],[107.5915144,16.5476186],[107.5915382,16.5476247],[107.5915447,16.5476479],[107.5915492,16.5476672]]]}},{"type":"Feature","properties":{"fid":7,"id":"P007","species_id":"excoecaria","height_m":4.9,"crown_diameter_m":18,"area_m2":254,"ground_m":0.59,"shore_distance_m":54,"observed_at":"2026-07-22","source":"demo","confidence":0.85,"verified":true,"verified_by":"demo-advisor","notes":"Demo data, not surveyed"},"geometry":{"type":"Polygon","coordinates":[[[107.5916573,16.5478402],[107.5916406,16.5478704],[107.5916206,16.5478947],[107.5915967,16.5479303],[107.5915542,16.5479287],[107.5915284,16.5478966],[107.5915119,16.5478695],[107.5914884,16.5478402],[107.5914822,16.5477972],[107.5915195,16.5477732],[107.5915587,16.5477708],[107.5915911,16.5477737],[107.5916306,16.5477737],[107.5916633,16.5477996],[107.5916573,16.5478402]]]}},{"type":"Feature","properties":{"fid":8,"id":"P008","species_id":"excoecaria","height_m":6.7,"crown_diameter_m":15.8,"area_m2":195,"ground_m":0.72,"shore_distance_m":76,"observed_at":null,"source":"demo","confidence":0.62,"verified":false,"verified_by":null,"notes":"Demo data, not surveyed"},"geometry":{"type":"Polygon","coordinates":[[[107.5916634,16.5480326],[107.5916506,16.5480591],[107.5916448,16.5480949],[107.5916124,16.5481139],[107.591579,16.5480912],[107.591548,16.5480866],[107.591512,16.5480699],[107.5915169,16.5480326],[107.5915411,16.5480086],[107.5915442,16.5479739],[107.5915731,16.547949],[107.5916067,16.5479749],[107.5916317,16.5479861],[107.5916768,16.5479939],[107.5916634,16.5480326]]]}},{"type":"Feature","properties":{"fid":9,"id":"P009","species_id":"excoecaria","height_m":7.5,"crown_diameter_m":17.7,"area_m2":245,"ground_m":0.73,"shore_distance_m":98,"observed_at":"2026-06-03","source":"demo","confidence":0.89,"verified":true,"verified_by":"demo-advisor","notes":"Demo data, not surveyed"},"geometry":{"type":"Polygon","coordinates":[[[107.5917348,16.5482247],[107.5917204,16.5482636],[107.5916837,16.5482818],[107.5916501,16.548283],[107.5916183,16.5483001],[107.5915759,16.5482973],[107.5915534,16.548263],[107.5915625,16.5482247],[107.5915675,16.548193],[107.5915763,16.5481527],[107.5916154,16.5481371],[107.5916531,16.5481538],[107.5916805,16.5481715],[107.5917091,16.5481911],[107.5917348,16.5482247]]]}},{"type":"Feature","properties":{"fid":10,"id":"P010","species_id":"excoecaria","height_m":7,"crown_diameter_m":23,"area_m2":415,"ground_m":0.96,"shore_distance_m":121,"observed_at":null,"source":"demo","confidence":0.52,"verified":false,"verified_by":null,"notes":"Demo data, not surveyed"},"geometry":{"type":"Polygon","coordinates":[[[107.5917308,16.5484322],[107.5917491,16.548484],[107.591718,16.5485296],[107.5916557,16.5485111],[107.5916154,16.5485226],[107.5915527,16.5485333],[107.5915433,16.5484754],[107.5915437,16.5484322],[107.5915344,16.5483848],[107.5915583,16.5483377],[107.5916182,16.5483535],[107.5916604,16.5483336],[107.5917206,16.5483316],[107.5917279,16.5483901],[107.5917308,16.5484322]]]}},{"type":"Feature","properties":{"fid":11,"id":"P011","species_id":"pandanus","height_m":3,"crown_diameter_m":11.2,"area_m2":99,"ground_m":1.07,"shore_distance_m":155,"observed_at":null,"source":"demo","confidence":0.63,"verified":false,"verified_by":null,"notes":"Demo data, not surveyed"},"geometry":{"type":"Polygon","coordinates":[[[107.5917627,16.5487422],[107.5917746,16.548768],[107.5917564,16.5487875],[107.5917284,16.5487829],[107.5917064,16.5487939],[107.5916802,16.5487884],[107.5916771,16.5487614],[107.5916718,16.5487422],[107.5916632,16.5487166],[107.5916844,16.5487009],[107.5917093,16.5487026],[107.59173,16.5486949],[107.5917586,16.5486942],[107.5917616,16.5487224],[107.5917627,16.5487422]]]}},{"type":"Feature","properties":{"fid":12,"id":"P012","species_id":"acanthus","height_m":1.2,"crown_diameter_m":14.7,"area_m2":170,"ground_m":0.41,"shore_distance_m":42,"observed_at":null,"source":"demo","confidence":0.62,"verified":false,"verified_by":null,"notes":"Demo data, not surveyed"},"geometry":{"type":"Polygon","coordinates":[[[107.5917892,16.5477239],[107.591777,16.547747],[107.5917709,16.5477767],[107.5917449,16.5477992],[107.5917105,16.5477931],[107.5916936,16.547764],[107.591671,16.5477497],[107.5916483,16.5477239],[107.5916548,16.5476906],[107.5916828,16.5476708],[107.5917138,16.5476686],[107.591742,16.5476608],[107.5917769,16.5476638],[107.5917999,16.5476902],[107.5917892,16.5477239]]]}},{"type":"Feature","properties":{"fid":13,"id":"P013","species_id":"acanthus","height_m":1.2,"crown_diameter_m":14.5,"area_m2":166,"ground_m":0.23,"shore_distance_m":14,"observed_at":null,"source":"demo","confidence":0.42,"verified":false,"verified_by":null,"notes":"Demo data, not surveyed"},"geometry":{"type":"Polygon","coordinates":[[[107.5917947,16.5474755],[107.59178,16.5474973],[107.5917717,16.5475222],[107.5917479,16.5475387],[107.5917145,16.5475525],[107.5916822,16.5475364],[107.591667,16.5475058],[107.5916703,16.5474755],[107.5916865,16.5474541],[107.5916938,16.5474285],[107.5917162,16.5474054],[107.5917498,16.5474042],[107.5917816,16.5474168],[107.5917991,16.5474449],[107.5917947,16.5474755]]]}},{"type":"Feature","properties":{"fid":14,"id":"P014","species_id":"excoecaria","height_m":5,"crown_diameter_m":22.5,"area_m2":399,"ground_m":0.99,"shore_distance_m":132,"observed_at":"2026-07-05","source":"demo","confidence":0.94,"verified":true,"verified_by":"demo-advisor","notes":"Demo data, not surveyed"},"geometry":{"type":"Polygon","coordinates":[[[107.5918968,16.5485367],[107.591886,16.5485866],[107.5918403,16.5486116],[107.5917955,16.5486105],[107.5917546,16.5486347],[107.5917011,16.548629],[107.5916743,16.5485845],[107.5916894,16.5485367],[107.5917009,16.5485012],[107.591706,16.5484502],[107.591751,16.5484238],[107.5918028,16.5484322],[107.5918344,16.5484688],[107.5918694,16.5484944],[107.5918968,16.5485367]]]}},{"type":"Feature","properties":{"fid":15,"id":"P015","species_id":"excoecaria","height_m":4.6,"crown_diameter_m":22.2,"area_m2":386,"ground_m":0.64,"shore_distance_m":83,"observed_at":"2026-07-19","source":"demo","confidence":0.78,"verified":true,"verified_by":"demo-advisor","notes":"Demo data, not surveyed"},"geometry":{"type":"Polygon","coordinates":[[[107.5919193,16.5481049],[107.5918781,16.5481424],[107.5918507,16.5481695],[107.5918244,16.54822],[107.591773,16.5482058],[107.5917484,16.5481634],[107.5916908,16.5481539],[107.59168,16.5481049],[107.5917119,16.5480656],[107.5917427,16.5480396],[107.5917681,16.5479837],[107.591819,16.5480124],[107.5918507,16.5480404],[107.5919031,16.5480559],[107.5919193,16.5481049]]]}},{"type":"Feature","properties":{"fid":16,"id":"P016","species_id":"excoecaria","height_m":6.4,"crown_diameter_m":15.1,"area_m2":180,"ground_m":0.52,"shore_distance_m":60,"observed_at":"2026-05-24","source":"demo","confidence":0.85,"verified":true,"verified_by":"demo-advisor","notes":"Demo data, not surveyed"},"geometry":{"type":"Polygon","coordinates":[[[107.5918718,16.5478995],[107.591884,16.5479322],[107.5918632,16.5479596],[107.5918254,16.5479509],[107.5917985,16.547961],[107.5917593,16.5479643],[107.5917542,16.5479267],[107.5917571,16.5478995],[107.5917383,16.5478649],[107.5917631,16.5478392],[107.5917996,16.5478425],[107.5918278,16.5478382],[107.5918693,16.5478321],[107.5918783,16.5478694],[107.5918718,16.5478995]]]}},{"type":"Feature","properties":{"fid":17,"id":"P017","species_id":"excoecaria","height_m":4.7,"crown_diameter_m":16,"area_m2":202,"ground_m":0.87,"shore_distance_m":113,"observed_at":null,"source":"demo","confidence":0.37,"verified":false,"verified_by":null,"notes":"Demo data, not surveyed"},"geometry":{"type":"Polygon","coordinates":[[[107.591982,16.5483809],[107.5919522,16.5484072],[107.5919368,16.5484309],[107.5919141,16.5484604],[107.591879,16.5484486],[107.5918597,16.5484235],[107.591823,16.5484142],[107.5918146,16.5483809],[107.5918419,16.5483563],[107.5918532,16.5483305],[107.5918748,16.5482953],[107.5919108,16.5483151],[107.5919304,16.5483386],[107.5919733,16.5483448],[107.591982,16.5483809]]]}},{"type":"Feature","properties":{"fid":18,"id":"P018","species_id":"excoecaria","height_m":4.8,"crown_diameter_m":22,"area_m2":381,"ground_m":0.35,"shore_distance_m":43,"observed_at":"2026-04-20","source":"demo","confidence":0.96,"verified":true,"verified_by":"demo-advisor","notes":"Demo data, not surveyed"},"geometry":{"type":"Polygon","coordinates":[[[107.5920343,16.5477588],[107.5920348,16.5478118],[107.5919788,16.5478295],[107.5919411,16.5478476],[107.5918918,16.5478775],[107.5918509,16.5478419],[107.5918508,16.5477908],[107.5918069,16.5477588],[107.5918156,16.5477106],[107.5918607,16.5476875],[107.5918992,16.5476713],[107.5919477,16.5476426],[107.5919825,16.5476837],[107.5919969,16.5477233],[107.5920343,16.5477588]]]}},{"type":"Feature","properties":{"fid":19,"id":"P019","species_id":"pandanus","height_m":4,"crown_diameter_m":14.6,"area_m2":167,"ground_m":0.93,"shore_distance_m":147,"observed_at":"2026-05-22","source":"demo","confidence":0.95,"verified":true,"verified_by":"demo-advisor","notes":"Demo data, not surveyed"},"geometry":{"type":"Polygon","coordinates":[[[107.5920012,16.5486942],[107.5919779,16.5487195],[107.5919582,16.5487362],[107.5919412,16.5487693],[107.5919053,16.54877],[107.591891,16.5487331],[107.591867,16.5487202],[107.5918418,16.5486942],[107.5918633,16.5486665],[107.5918886,16.5486525],[107.5919054,16.5486191],[107.5919402,16.5486233],[107.5919592,16.5486511],[107.5919813,16.5486675],[107.5920012,16.5486942]]]}},{"type":"Feature","properties":{"fid":20,"id":"P020","species_id":"pandanus","height_m":3.3,"crown_diameter_m":12.6,"area_m2":124,"ground_m":1.12,"shore_distance_m":167,"observed_at":"2026-07-13","source":"demo","confidence":0.74,"verified":true,"verified_by":"demo-advisor","notes":"Demo data, not surveyed"},"geometry":{"type":"Polygon","coordinates":[[[107.5920088,16.5488745],[107.5920181,16.5489048],[107.5919977,16.548929],[107.5919665,16.5489338],[107.5919414,16.5489209],[107.591924,16.5489086],[107.5919054,16.5488962],[107.5918889,16.5488745],[107.5918906,16.548846],[107.5919072,16.5488201],[107.5919393,16.5488195],[107.5919641,16.5488252],[107.5919827,16.548838],[107.5919987,16.5488531],[107.5920088,16.5488745]]]}},{"type":"Feature","properties":{"fid":21,"id":"P021","species_id":"excoecaria","height_m":5.8,"crown_diameter_m":16.5,"area_m2":213,"ground_m":0.53,"shore_distance_m":70,"observed_at":"2026-04-07","source":"demo","confidence":0.77,"verified":true,"verified_by":"demo-advisor","notes":"Demo data, not surveyed"},"geometry":{"type":"Polygon","coordinates":[[[107.592044,16.5480035],[107.5920269,16.548031],[107.5920063,16.5480503],[107.5919846,16.5480757],[107.5919469,16.5480898],[107.5919107,16.5480717],[107.5918878,16.5480403],[107.5918932,16.5480035],[107.5919063,16.5479753],[107.5919253,16.547953],[107.5919513,16.5479358],[107.5919869,16.5479217],[107.5920243,16.5479351],[107.5920477,16.5479665],[107.592044,16.5480035]]]}},{"type":"Feature","properties":{"fid":22,"id":"P022","species_id":"acanthus","height_m":1.7,"crown_diameter_m":14.2,"area_m2":159,"ground_m":0.27,"shore_distance_m":20,"observed_at":"2026-03-12","source":"demo","confidence":0.77,"verified":true,"verified_by":"demo-advisor","notes":"Demo data, not surveyed"},"geometry":{"type":"Polygon","coordinates":[[[107.5920772,16.5475613],[107.5920591,16.5475827],[107.5920509,16.5476071],[107.5920311,16.5476382],[107.5919965,16.5476301],[107.5919751,16.5476067],[107.5919659,16.547583],[107.5919449,16.5475613],[107.5919449,16.54753],[107.5919707,16.5475107],[107.5920015,16.5475138],[107.5920253,16.5475091],[107.592058,16.5475071],[107.5920865,16.5475273],[107.5920772,16.5475613]]]}},{"type":"Feature","properties":{"fid":23,"id":"P023","species_id":"excoecaria","height_m":6.8,"crown_diameter_m":15.6,"area_m2":192,"ground_m":0.62,"shore_distance_m":82,"observed_at":null,"source":"demo","confidence":0.52,"verified":false,"verified_by":null,"notes":"Demo data, not surveyed"},"geometry":{"type":"Polygon","coordinates":[[[107.5921771,16.5481253],[107.5921585,16.5481549],[107.592133,16.5481718],[107.5921119,16.5481992],[107.5920752,16.5482051],[107.5920576,16.5481693],[107.5920269,16.5481564],[107.5920015,16.5481253],[107.5920295,16.5480954],[107.5920552,16.5480783],[107.5920751,16.548045],[107.5921124,16.5480491],[107.5921327,16.5480791],[107.5921627,16.5480936],[107.5921771,16.5481253]]]}},{"type":"Feature","properties":{"fid":24,"id":"P024","species_id":"pandanus","height_m":2.7,"crown_diameter_m":14.8,"area_m2":172,"ground_m":0.85,"shore_distance_m":131,"observed_at":null,"source":"demo","confidence":0.55,"verified":false,"verified_by":null,"notes":"Demo data, not surveyed"},"geometry":{"type":"Polygon","coordinates":[[[107.5921923,16.5485685],[107.5921715,16.5485988],[107.5921462,16.5486171],[107.5921181,16.5486202],[107.5920919,16.5486267],[107.5920621,16.548621],[107.5920349,16.5486012],[107.5920269,16.5485685],[107.5920352,16.5485358],[107.592063,16.5485171],[107.5920942,16.5485197],[107.5921179,16.5485179],[107.5921472,16.5485188],[107.5921769,16.5485356],[107.5921923,16.5485685]]]}},{"type":"Feature","properties":{"fid":25,"id":"P025","species_id":"excoecaria","height_m":6.5,"crown_diameter_m":17.6,"area_m2":244,"ground_m":0.72,"shore_distance_m":111,"observed_at":"2026-09-17","source":"demo","confidence":0.94,"verified":true,"verified_by":"demo-advisor","notes":"Demo data, not surveyed"},"geometry":{"type":"Polygon","coordinates":[[[107.5921988,16.5483898],[107.5921784,16.54842],[107.5921554,16.5484408],[107.5921333,16.5484756],[107.5920909,16.5484819],[107.5920575,16.5484563],[107.5920538,16.548417],[107.5920396,16.5483898],[107.5920241,16.5483488],[107.5920497,16.5483138],[107.5920967,16.5483217],[107.5921284,16.5483243],[107.5921631,16.5483294],[107.5922003,16.5483494],[107.5921988,16.5483898]]]}},{"type":"Feature","properties":{"fid":26,"id":"P026","species_id":"acanthus","height_m":1.3,"crown_diameter_m":18.2,"area_m2":261,"ground_m":0.36,"shore_distance_m":58,"observed_at":"2026-07-20","source":"demo","confidence":0.79,"verified":true,"verified_by":"demo-advisor","notes":"Demo data, not surveyed"},"geometry":{"type":"Polygon","coordinates":[[[107.5922236,16.5479122],[107.5922137,16.5479545],[107.5921723,16.5479726],[107.5921372,16.547976],[107.5921055,16.5479815],[107.5920703,16.5479743],[107.5920383,16.5479509],[107.592018,16.5479122],[107.5920392,16.547874],[107.5920725,16.5478527],[107.5921077,16.5478521],[107.5921384,16.5478435],[107.5921711,16.5478532],[107.5922065,16.5478732],[107.5922236,16.5479122]]]}},{"type":"Feature","properties":{"fid":27,"id":"P027","species_id":"acanthus","height_m":1.6,"crown_diameter_m":17.1,"area_m2":229,"ground_m":0.2,"shore_distance_m":7,"observed_at":null,"source":"demo","confidence":0.55,"verified":false,"verified_by":null,"notes":"Demo data, not surveyed"},"geometry":{"type":"Polygon","coordinates":[[[107.5922319,16.547448],[107.5922248,16.5474779],[107.5922156,16.5475147],[107.5921799,16.5475313],[107.5921452,16.5475105],[107.5921081,16.5475104],[107.5920748,16.5474874],[107.5920931,16.547448],[107.5920962,16.5474185],[107.5920997,16.5473755],[107.5921412,16.5473688],[107.5921742,16.5473885],[107.5922137,16.5473836],[107.5922437,16.5474094],[107.5922319,16.547448]]]}},{"type":"Feature","properties":{"fid":28,"id":"P028","species_id":"pandanus","height_m":3.3,"crown_diameter_m":13,"area_m2":132,"ground_m":1.06,"shore_distance_m":171,"observed_at":null,"source":"demo","confidence":0.59,"verified":false,"verified_by":null,"notes":"Demo data, not surveyed"},"geometry":{"type":"Polygon","coordinates":[[[107.5922572,16.5489221],[107.5922405,16.5489484],[107.5922148,16.5489595],[107.5921955,16.5489718],[107.5921684,16.5489865],[107.5921368,16.5489784],[107.592129,16.5489474],[107.5921336,16.5489221],[107.5921297,16.5488972],[107.5921372,16.5488663],[107.5921685,16.5488585],[107.5921947,16.5488757],[107.5922132,16.5488867],[107.5922402,16.5488961],[107.5922572,16.5489221]]]}},{"type":"Feature","properties":{"fid":29,"id":"P029","species_id":"pandanus","height_m":3.4,"crown_diameter_m":14,"area_m2":153,"ground_m":0.96,"shore_distance_m":150,"observed_at":null,"source":"demo","confidence":0.46,"verified":false,"verified_by":null,"notes":"Demo data, not surveyed"},"geometry":{"type":"Polygon","coordinates":[[[107.5922524,16.5487345],[107.5922484,16.548759],[107.5922431,16.5487919],[107.5922088,16.5487911],[107.5921837,16.5487833],[107.5921507,16.5487881],[107.5921313,16.548764],[107.5921441,16.5487345],[107.5921391,16.5487085],[107.5921467,16.5486761],[107.5921812,16.5486751],[107.5922075,16.5486832],[107.5922402,16.5486805],[107.5922602,16.5487045],[107.5922524,16.5487345]]]}},{"type":"Feature","properties":{"fid":30,"id":"P030","species_id":"acanthus","height_m":1.2,"crown_diameter_m":17.5,"area_m2":242,"ground_m":0.35,"shore_distance_m":27,"observed_at":null,"source":"demo","confidence":0.49,"verified":false,"verified_by":null,"notes":"Demo data, not surveyed"},"geometry":{"type":"Polygon","coordinates":[[[107.5923178,16.5476295],[107.5923281,16.5476669],[107.5923096,16.5477049],[107.5922692,16.5477232],[107.5922281,16.5477082],[107.5922012,16.5476844],[107.592184,16.5476585],[107.5921779,16.5476295],[107.5921655,16.5475919],[107.5921891,16.5475601],[107.5922262,16.5475427],[107.5922657,16.5475501],[107.5922952,16.5475713],[107.5923084,16.547601],[107.5923178,16.5476295]]]}},{"type":"Feature","properties":{"fid":31,"id":"P031","species_id":"excoecaria","height_m":6.4,"crown_diameter_m":18.2,"area_m2":260,"ground_m":0.81,"shore_distance_m":122,"observed_at":null,"source":"demo","confidence":0.55,"verified":false,"verified_by":null,"notes":"Demo data, not surveyed"},"geometry":{"type":"Polygon","coordinates":[[[107.592403,16.5484665],[107.5923982,16.5485084],[107.5923631,16.5485335],[107.5923235,16.5485341],[107.5922932,16.5485261],[107.5922596,16.548524],[107.5922232,16.5485054],[107.5922106,16.5484665],[107.5922224,16.5484272],[107.5922496,16.548397],[107.5922901,16.5483937],[107.5923216,16.5484069],[107.5923564,16.5484076],[107.5923883,16.5484292],[107.592403,16.5484665]]]}},{"type":"Feature","properties":{"fid":32,"id":"P032","species_id":"excoecaria","height_m":7.2,"crown_diameter_m":21.2,"area_m2":354,"ground_m":0.68,"shore_distance_m":87,"observed_at":"2026-08-22","source":"demo","confidence":0.97,"verified":true,"verified_by":"demo-advisor","notes":"Demo data, not surveyed"},"geometry":{"type":"Polygon","coordinates":[[[107.5924281,16.5481554],[107.5924022,16.548191],[107.5923784,16.5482195],[107.5923442,16.5482358],[107.5923016,16.5482536],[107.5922522,16.548243],[107.5922211,16.5482033],[107.5922211,16.5481554],[107.5922477,16.5481197],[107.592278,16.5480989],[107.5923041,16.5480676],[107.5923485,16.5480568],[107.5924009,16.5480641],[107.5924246,16.5481094],[107.5924281,16.5481554]]]}},{"type":"Feature","properties":{"fid":33,"id":"P033","species_id":"excoecaria","height_m":6.8,"crown_diameter_m":18.7,"area_m2":274,"ground_m":0.9,"shore_distance_m":144,"observed_at":"2026-06-23","source":"demo","confidence":0.87,"verified":true,"verified_by":"demo-advisor","notes":"Demo data, not surveyed"},"geometry":{"type":"Polygon","coordinates":[[[107.5924541,16.5486608],[107.5924452,16.5487013],[107.5924224,16.5487388],[107.5923777,16.5487454],[107.5923394,16.5487368],[107.5923103,16.5487176],[107.5922867,16.5486935],[107.5922692,16.5486608],[107.5922676,16.5486193],[107.5922926,16.5485828],[107.5923371,16.5485749],[107.592375,16.5485873],[107.5924,16.5486097],[107.5924305,16.5486271],[107.5924541,16.5486608]]]}},{"type":"Feature","properties":{"fid":34,"id":"P034","species_id":"pandanus","height_m":3.4,"crown_diameter_m":14.6,"area_m2":167,"ground_m":1.11,"shore_distance_m":170,"observed_at":"2026-06-03","source":"demo","confidence":0.77,"verified":true,"verified_by":"demo-advisor","notes":"Demo data, not surveyed"},"geometry":{"type":"Polygon","coordinates":[[[107.5924231,16.548894],[107.592416,16.5489195],[107.5924095,16.5489525],[107.5923768,16.5489609],[107.5923482,16.548947],[107.592314,16.5489504],[107.5922867,16.5489282],[107.5922999,16.548894],[107.5923091,16.5488701],[107.5923089,16.5488316],[107.5923452,16.5488283],[107.5923725,16.5488451],[107.5924056,16.5488402],[107.5924333,16.5488606],[107.5924231,16.548894]]]}},{"type":"Feature","properties":{"fid":35,"id":"P035","species_id":"acanthus","height_m":1.4,"crown_diameter_m":18.2,"area_m2":259,"ground_m":0.21,"shore_distance_m":9,"observed_at":"2026-04-28","source":"demo","confidence":0.95,"verified":true,"verified_by":"demo-advisor","notes":"Demo data, not surveyed"},"geometry":{"type":"Polygon","coordinates":[[[107.59246,16.5474442],[107.5924601,16.5474836],[107.5924364,16.5475182],[107.5923949,16.547529],[107.5923577,16.5475157],[107.5923291,16.547499],[107.5923109,16.5474736],[107.5922813,16.5474442],[107.5922813,16.547401],[107.5923096,16.5473659],[107.5923538,16.5473563],[107.5923927,16.5473688],[107.5924146,16.5473963],[107.5924463,16.5474111],[107.59246,16.5474442]]]}},{"type":"Feature","properties":{"fid":36,"id":"P036","species_id":"excoecaria","height_m":5.1,"crown_diameter_m":21.3,"area_m2":356,"ground_m":0.49,"shore_distance_m":60,"observed_at":"2026-09-16","source":"demo","confidence":0.9,"verified":true,"verified_by":"demo-advisor","notes":"Demo data, not surveyed"},"geometry":{"type":"Polygon","coordinates":[[[107.5924927,16.5478985],[107.5924777,16.5479457],[107.5924354,16.5479706],[107.5923955,16.5479829],[107.5923567,16.5479772],[107.5923175,16.5479681],[107.5922786,16.5479433],[107.5922524,16.5478985],[107.5922757,16.5478525],[107.5923119,16.5478222],[107.5923583,16.5478265],[107.5923949,16.547817],[107.5924322,16.5478303],[107.5924732,16.5478534],[107.5924927,16.5478985]]]}},{"type":"Feature","properties":{"fid":37,"id":"P037","species_id":"excoecaria","height_m":7,"crown_diameter_m":19.8,"area_m2":309,"ground_m":0.27,"shore_distance_m":41,"observed_at":"2026-06-11","source":"demo","confidence":0.96,"verified":true,"verified_by":"demo-advisor","notes":"Demo data, not surveyed"},"geometry":{"type":"Polygon","coordinates":[[[107.5925486,16.5477105],[107.5925076,16.5477423],[107.5924892,16.5477711],[107.5924641,16.5478167],[107.5924163,16.547805],[107.5923936,16.5477648],[107.5923563,16.5477486],[107.5923348,16.5477105],[107.5923642,16.5476761],[107.5923871,16.5476483],[107.5924146,16.5476087],[107.5924609,16.5476177],[107.5924859,16.5476539],[107.5925268,16.5476699],[107.5925486,16.5477105]]]}},{"type":"Feature","properties":{"fid":38,"id":"P038","species_id":"excoecaria","height_m":7.4,"crown_diameter_m":19,"area_m2":283,"ground_m":0.67,"shore_distance_m":80,"observed_at":null,"source":"demo","confidence":0.43,"verified":false,"verified_by":null,"notes":"Demo data, not surveyed"},"geometry":{"type":"Polygon","coordinates":[[[107.5925577,16.5480508],[107.5925707,16.5480932],[107.5925392,16.5481233],[107.5924956,16.548121],[107.5924587,16.5481354],[107.5924106,16.5481328],[107.5924022,16.5480861],[107.5924038,16.5480508],[107.5923912,16.5480103],[107.5924168,16.5479762],[107.5924642,16.5479894],[107.5925,16.5479619],[107.5925452,16.547971],[107.5925552,16.5480155],[107.5925577,16.5480508]]]}},{"type":"Feature","properties":{"fid":39,"id":"P039","species_id":"derris","height_m":3,"crown_diameter_m":12.8,"area_m2":129,"ground_m":0.83,"shore_distance_m":116,"observed_at":"2026-05-03","source":"demo","confidence":0.83,"verified":true,"verified_by":"demo-advisor","notes":"Demo data, not surveyed"},"geometry":{"type":"Polygon","coordinates":[[[107.5925975,16.5483597],[107.5925919,16.5483892],[107.5925719,16.5484125],[107.59254,16.5484103],[107.5925175,16.5484036],[107.592495,16.5483992],[107.5924727,16.5483851],[107.5924556,16.5483597],[107.5924647,16.5483305],[107.5924867,16.5483101],[107.5925149,16.548305],[107.5925394,16.5483115],[107.5925583,16.5483232],[107.5925779,16.5483366],[107.5925975,16.5483597]]]}},{"type":"Feature","properties":{"fid":40,"id":"P040","species_id":"pandanus","height_m":2.6,"crown_diameter_m":14.6,"area_m2":168,"ground_m":0.9,"shore_distance_m":137,"observed_at":"2026-05-07","source":"demo","confidence":0.94,"verified":true,"verified_by":"demo-advisor","notes":"Demo data, not surveyed"},"geometry":{"type":"Polygon","coordinates":[[[107.5926581,16.5485276],[107.5926675,16.5485603],[107.59265,16.5485917],[107.5926127,16.5485949],[107.5925845,16.5485788],[107.5925569,16.5485755],[107.5925278,16.5485594],[107.5925178,16.5485276],[107.5925391,16.5485011],[107.5925651,16.5484897],[107.5925813,16.5484631],[107.5926157,16.5484478],[107.5926447,16.5484699],[107.592651,16.5485026],[107.5926581,16.5485276]]]}},{"type":"Feature","properties":{"fid":41,"id":"P041","species_id":"excoecaria","height_m":6.7,"crown_diameter_m":21.9,"area_m2":378,"ground_m":0.33,"shore_distance_m":28,"observed_at":"2026-09-08","source":"demo","confidence":0.8,"verified":true,"verified_by":"demo-advisor","notes":"Demo data, not surveyed"},"geometry":{"type":"Polygon","coordinates":[[[107.59271,16.5475488],[107.5927316,16.5475996],[107.5926948,16.547637],[107.5926416,16.5476336],[107.5926044,16.5476202],[107.5925541,16.5476298],[107.5925082,16.5476011],[107.5925172,16.5475488],[107.5925504,16.547516],[107.5925632,16.5474788],[107.5925973,16.5474474],[107.5926503,16.5474278],[107.5926851,16.5474723],[107.5927003,16.5475124],[107.59271,16.5475488]]]}},{"type":"Feature","properties":{"fid":42,"id":"P042","species_id":"excoecaria","height_m":5.6,"crown_diameter_m":16.1,"area_m2":202,"ground_m":0.68,"shore_distance_m":101,"observed_at":"2026-06-17","source":"demo","confidence":0.97,"verified":true,"verified_by":"demo-advisor","notes":"Demo data, not surveyed"},"geometry":{"type":"Polygon","coordinates":[[[107.5927067,16.5482015],[107.5926994,16.5482303],[107.5926935,16.5482693],[107.5926557,16.5482799],[107.5926232,16.5482596],[107.592589,16.5482593],[107.5925573,16.5482383],[107.5925698,16.5482015],[107.5925786,16.5481745],[107.5925831,16.5481366],[107.59262,16.5481298],[107.5926509,16.5481435],[107.592688,16.5481402],[107.5927195,16.5481634],[107.5927067,16.5482015]]]}},{"type":"Feature","properties":{"fid":43,"id":"P043","species_id":"excoecaria","height_m":5,"crown_diameter_m":17.3,"area_m2":235,"ground_m":0.46,"shore_distance_m":58,"observed_at":"2026-03-02","source":"demo","confidence":0.95,"verified":true,"verified_by":"demo-advisor","notes":"Demo data, not surveyed"},"geometry":{"type":"Polygon","coordinates":[[[107.592713,16.5478144],[107.5927067,16.5478437],[107.5927007,16.5478835],[107.5926635,16.5478999],[107.5926217,16.5479046],[107.5925908,16.5478774],[107.5925841,16.5478417],[107.5925799,16.5478144],[107.5925749,16.5477829],[107.5925896,16.54775],[107.5926223,16.5477266],[107.5926648,16.5477234],[107.5926925,16.5477551],[107.5927095,16.5477838],[107.592713,16.5478144]]]}},{"type":"Feature","properties":{"fid":44,"id":"P044","species_id":"pandanus","height_m":4.2,"crown_diameter_m":12.5,"area_m2":122,"ground_m":1.08,"shore_distance_m":162,"observed_at":"2026-09-02","source":"demo","confidence":0.88,"verified":true,"verified_by":"demo-advisor","notes":"Demo data, not surveyed"},"geometry":{"type":"Polygon","coordinates":[[[107.5927255,16.5487407],[107.5927009,16.5487604],[107.5926895,16.5487784],[107.5926719,16.5487986],[107.5926432,16.5488033],[107.5926229,16.5487829],[107.5926163,16.54876],[107.5926098,16.5487407],[107.5925983,16.5487131],[107.5926158,16.5486898],[107.5926456,16.5486881],[107.5926687,16.5486959],[107.5926928,16.5486989],[107.5927192,16.5487124],[107.5927255,16.5487407]]]}},{"type":"Feature","properties":{"fid":45,"id":"P045","species_id":"acanthus","height_m":1.8,"crown_diameter_m":16.4,"area_m2":210,"ground_m":0.25,"shore_distance_m":7,"observed_at":"2026-04-16","source":"demo","confidence":0.78,"verified":true,"verified_by":"demo-advisor","notes":"Demo data, not surveyed"},"geometry":{"type":"Polygon","coordinates":[[[107.5927457,16.5473477],[107.5927429,16.5473848],[107.5927028,16.547396],[107.592679,16.547417],[107.5926426,16.5474315],[107.5926149,16.5474049],[107.5926021,16.5473756],[107.5925795,16.5473477],[107.5925883,16.5473134],[107.5926248,16.5473024],[107.5926463,16.5472796],[107.5926839,16.5472579],[107.5927093,16.5472915],[107.5927187,16.5473217],[107.5927457,16.5473477]]]}},{"type":"Feature","properties":{"fid":46,"id":"P046","species_id":"derris","height_m":2.3,"crown_diameter_m":12.8,"area_m2":128,"ground_m":0.87,"shore_distance_m":117,"observed_at":null,"source":"demo","confidence":0.52,"verified":false,"verified_by":null,"notes":"Demo data, not surveyed"},"geometry":{"type":"Polygon","coordinates":[[[107.5928325,16.5483263],[107.5928117,16.5483495],[107.5927964,16.5483684],[107.5927766,16.5483905],[107.5927473,16.5483851],[107.5927317,16.5483619],[107.5927052,16.5483522],[107.5926901,16.5483263],[107.5927168,16.5483058],[107.5927298,16.5482884],[107.5927451,16.5482579],[107.5927759,16.5482653],[107.5927925,16.5482889],[107.5928152,16.5483015],[107.5928325,16.5483263]]]}},{"type":"Feature","properties":{"fid":47,"id":"P047","species_id":"excoecaria","height_m":6.7,"crown_diameter_m":20.7,"area_m2":337,"ground_m":0.53,"shore_distance_m":41,"observed_at":"2026-07-12","source":"demo","confidence":0.96,"verified":true,"verified_by":"demo-advisor","notes":"Demo data, not surveyed"},"geometry":{"type":"Polygon","coordinates":[[[107.5928641,16.5476423],[107.592881,16.547691],[107.5928474,16.5477286],[107.5927933,16.5477171],[107.5927566,16.5477219],[107.5927103,16.5477207],[107.5926681,16.5476919],[107.5926695,16.5476423],[107.5927087,16.5476115],[107.5927205,16.5475761],[107.5927528,16.5475468],[107.5928024,16.5475295],[107.5928336,16.5475725],[107.5928476,16.547609],[107.5928641,16.5476423]]]}},{"type":"Feature","properties":{"fid":48,"id":"P048","species_id":"excoecaria","height_m":7.4,"crown_diameter_m":19.4,"area_m2":295,"ground_m":0.97,"shore_distance_m":137,"observed_at":null,"source":"demo","confidence":0.59,"verified":false,"verified_by":null,"notes":"Demo data, not surveyed"},"geometry":{"type":"Polygon","coordinates":[[[107.5929124,16.5485026],[107.5928953,16.5485455],[107.5928499,16.5485597],[107.5928184,16.5485697],[107.592781,16.5485924],[107.5927378,16.5485803],[107.5927136,16.5485436],[107.5927286,16.5485026],[107.5927314,16.5484698],[107.5927377,16.5484249],[107.5927796,16.5484067],[107.5928229,16.5484167],[107.5928505,16.5484448],[107.592882,16.5484659],[107.5929124,16.5485026]]]}},{"type":"Feature","properties":{"fid":49,"id":"P049","species_id":"excoecaria","height_m":7.3,"crown_diameter_m":22.2,"area_m2":388,"ground_m":0.61,"shore_distance_m":76,"observed_at":null,"source":"demo","confidence":0.63,"verified":false,"verified_by":null,"notes":"Demo data, not surveyed"},"geometry":{"type":"Polygon","coordinates":[[[107.59294,16.5479566],[107.5929491,16.5479982],[107.5929362,16.5480493],[107.5928862,16.5480705],[107.5928393,16.5480396],[107.5928095,16.5480162],[107.5927606,16.5480021],[107.5927317,16.5479566],[107.592763,16.5479123],[107.592805,16.5478916],[107.5928392,16.5478731],[107.5928839,16.5478525],[107.5929384,16.5478613],[107.5929538,16.5479129],[107.59294,16.5479566]]]}},{"type":"Feature","properties":{"fid":50,"id":"P050","species_id":"acanthus","height_m":1.6,"crown_diameter_m":13.6,"area_m2":144,"ground_m":0.3,"shore_distance_m":11,"observed_at":"2026-06-21","source":"demo","confidence":0.88,"verified":true,"verified_by":"demo-advisor","notes":"Demo data, not surveyed"},"geometry":{"type":"Polygon","coordinates":[[[107.5929774,16.5473806],[107.5929637,16.5474084],[107.5929383,16.5474225],[107.5929159,16.5474332],[107.5928875,16.5474471],[107.5928573,16.547436],[107.5928449,16.5474076],[107.5928551,16.5473806],[107.5928503,16.5473561],[107.5928583,16.5473265],[107.5928873,16.5473129],[107.5929162,16.5473266],[107.5929348,16.5473428],[107.5929565,16.5473561],[107.5929774,16.5473806]]]}},{"type":"Feature","properties":{"fid":51,"id":"P051","species_id":"pandanus","height_m":4.3,"crown_diameter_m":13.1,"area_m2":135,"ground_m":1,"shore_distance_m":158,"observed_at":null,"source":"demo","confidence":0.61,"verified":false,"verified_by":null,"notes":"Demo data, not surveyed"},"geometry":{"type":"Polygon","coordinates":[[[107.5930074,16.5487027],[107.5929765,16.5487223],[107.5929701,16.5487463],[107.5929507,16.5487733],[107.5929198,16.5487617],[107.5929011,16.5487421],[107.5928697,16.5487323],[107.5928615,16.5487027],[107.592891,16.5486829],[107.5928963,16.5486575],[107.5929182,16.5486368],[107.5929474,16.5486456],[107.592963,16.5486676],[107.5929976,16.5486732],[107.5930074,16.5487027]]]}},{"type":"Feature","properties":{"fid":52,"id":"P052","species_id":"excoecaria","height_m":7.4,"crown_diameter_m":15.1,"area_m2":180,"ground_m":0.25,"shore_distance_m":35,"observed_at":null,"source":"demo","confidence":0.67,"verified":false,"verified_by":null,"notes":"Demo data, not surveyed"},"geometry":{"type":"Polygon","coordinates":[[[107.5930096,16.5475979],[107.5930229,16.5476321],[107.5930037,16.5476639],[107.5929641,16.5476623],[107.5929358,16.5476523],[107.5929043,16.5476513],[107.5928727,16.547633],[107.5928711,16.5475979],[107.5928896,16.5475706],[107.5929098,16.547551],[107.5929325,16.5475295],[107.5929687,16.5475142],[107.5929949,16.5475424],[107.5930023,16.5475732],[107.5930096,16.5475979]]]}},{"type":"Feature","properties":{"fid":53,"id":"P053","species_id":"excoecaria","height_m":7.2,"crown_diameter_m":16.6,"area_m2":217,"ground_m":0.76,"shore_distance_m":110,"observed_at":"2026-07-02","source":"demo","confidence":0.8,"verified":true,"verified_by":"demo-advisor","notes":"Demo data, not surveyed"},"geometry":{"type":"Polygon","coordinates":[[[107.5930376,16.5482797],[107.5930105,16.5483061],[107.5930079,16.548345],[107.5929747,16.5483687],[107.5929394,16.5483391],[107.5929119,16.5483297],[107.5928699,16.5483184],[107.5928729,16.5482797],[107.5929009,16.5482554],[107.5929043,16.5482206],[107.5929335,16.5481956],[107.5929685,16.5482169],[107.5929961,16.5482286],[107.5930398,16.5482399],[107.5930376,16.5482797]]]}},{"type":"Feature","properties":{"fid":54,"id":"P054","species_id":"pandanus","height_m":2.9,"crown_diameter_m":13,"area_m2":132,"ground_m":0.9,"shore_distance_m":137,"observed_at":null,"source":"demo","confidence":0.52,"verified":false,"verified_by":null,"notes":"Demo data, not surveyed"},"geometry":{"type":"Polygon","coordinates":[[[107.5930996,16.5485342],[107.5930799,16.5485593],[107.5930569,16.5485718],[107.5930419,16.5486022],[107.59301,16.5486001],[107.592994,16.5485723],[107.5929713,16.5485593],[107.5929521,16.5485342],[107.5929765,16.5485115],[107.5929944,16.5484966],[107.5930099,16.548468],[107.5930412,16.5484692],[107.593059,16.5484942],[107.5930797,16.5485093],[107.5930996,16.5485342]]]}},{"type":"Feature","properties":{"fid":55,"id":"P055","species_id":"excoecaria","height_m":5,"crown_diameter_m":15.1,"area_m2":178,"ground_m":0.39,"shore_distance_m":54,"observed_at":null,"source":"demo","confidence":0.52,"verified":false,"verified_by":null,"notes":"Demo data, not surveyed"},"geometry":{"type":"Polygon","coordinates":[[[107.5931177,16.5477986],[107.5930917,16.54782],[107.593094,16.5478572],[107.5930633,16.5478743],[107.5930316,16.5478562],[107.5930054,16.5478466],[107.5929722,16.5478323],[107.592975,16.5477986],[107.5929972,16.5477764],[107.5930015,16.547746],[107.5930273,16.5477232],[107.5930592,16.54774],[107.593085,16.5477508],[107.5931214,16.5477635],[107.5931177,16.5477986]]]}},{"type":"Feature","properties":{"fid":56,"id":"P056","species_id":"pandanus","height_m":3.7,"crown_diameter_m":14.1,"area_m2":155,"ground_m":0.99,"shore_distance_m":159,"observed_at":null,"source":"demo","confidence":0.56,"verified":false,"verified_by":null,"notes":"Demo data, not surveyed"},"geometry":{"type":"Polygon","coordinates":[[[107.5931711,16.5487631],[107.5931806,16.5487954],[107.5931495,16.5488097],[107.5931227,16.5488132],[107.5930938,16.5488343],[107.5930669,16.5488159],[107.5930613,16.5487859],[107.5930492,16.5487631],[107.59304,16.5487304],[107.5930739,16.5487188],[107.5930992,16.5487144],[107.5931272,16.5486942],[107.5931582,16.5487061],[107.5931595,16.5487406],[107.5931711,16.5487631]]]}},{"type":"Feature","properties":{"fid":57,"id":"P057","species_id":"derris","height_m":2.7,"crown_diameter_m":11.4,"area_m2":102,"ground_m":0.48,"shore_distance_m":78,"observed_at":null,"source":"demo","confidence":0.49,"verified":false,"verified_by":null,"notes":"Demo data, not surveyed"},"geometry":{"type":"Polygon","coordinates":[[[107.5931866,16.5480482],[107.5931897,16.5480731],[107.5931752,16.5480956],[107.5931456,16.5480894],[107.5931257,16.5480908],[107.5930996,16.5480917],[107.5930763,16.5480757],[107.5930782,16.5480482],[107.5930963,16.5480299],[107.5931057,16.548012],[107.5931219,16.5479897],[107.5931507,16.5479856],[107.5931693,16.5480079],[107.5931716,16.5480317],[107.5931866,16.5480482]]]}},{"type":"Feature","properties":{"fid":58,"id":"P058","species_id":"excoecaria","height_m":6.3,"crown_diameter_m":18.2,"area_m2":260,"ground_m":0.38,"shore_distance_m":35,"observed_at":null,"source":"demo","confidence":0.41,"verified":false,"verified_by":null,"notes":"Demo data, not surveyed"},"geometry":{"type":"Polygon","coordinates":[[[107.5932969,16.5476936],[107.5932872,16.5477324],[107.5932476,16.5477471],[107.5932208,16.5477675],[107.5931817,16.5477838],[107.5931548,16.5477517],[107.5931355,16.5477248],[107.5931069,16.5476936],[107.5931165,16.5476536],[107.5931619,16.547644],[107.5931836,16.5476114],[107.5932272,16.5475926],[107.5932527,16.547634],[107.5932676,16.5476638],[107.5932969,16.5476936]]]}},{"type":"Feature","properties":{"fid":59,"id":"P059","species_id":"acanthus","height_m":1.4,"crown_diameter_m":17.2,"area_m2":232,"ground_m":0.24,"shore_distance_m":14,"observed_at":null,"source":"demo","confidence":0.38,"verified":false,"verified_by":null,"notes":"Demo data, not surveyed"},"geometry":{"type":"Polygon","coordinates":[[[107.5933056,16.5475112],[107.5932915,16.5475477],[107.5932562,16.5475638],[107.59323,16.5475847],[107.5931902,16.5476048],[107.5931658,16.5475673],[107.5931546,16.5475379],[107.5931262,16.5475112],[107.5931333,16.5474746],[107.5931745,16.5474656],[107.5931945,16.5474356],[107.5932335,16.547423],[107.5932605,16.5474534],[107.59327,16.5474846],[107.5933056,16.5475112]]]}},{"type":"Feature","properties":{"fid":60,"id":"P060","species_id":"excoecaria","height_m":6.1,"crown_diameter_m":15.8,"area_m2":197,"ground_m":0.68,"shore_distance_m":97,"observed_at":"2026-05-12","source":"demo","confidence":0.82,"verified":true,"verified_by":"demo-advisor","notes":"Demo data, not surveyed"},"geometry":{"type":"Polygon","coordinates":[[[107.5932982,16.5482606],[107.5932991,16.5482926],[107.5932837,16.5483255],[107.5932479,16.5483369],[107.5932131,16.5483305],[107.5931891,16.5483094],[107.593172,16.5482872],[107.593157,16.5482606],[107.5931573,16.5482272],[107.5931751,16.5481949],[107.5932103,16.5481789],[107.5932462,16.5481914],[107.5932696,16.5482127],[107.5932823,16.5482363],[107.5932982,16.5482606]]]}},{"type":"Feature","properties":{"fid":61,"id":"P061","species_id":"pandanus","height_m":2.7,"crown_diameter_m":14,"area_m2":153,"ground_m":1.1,"shore_distance_m":175,"observed_at":"2026-08-08","source":"demo","confidence":0.85,"verified":true,"verified_by":"demo-advisor","notes":"Demo data, not surveyed"},"geometry":{"type":"Polygon","coordinates":[[[107.5932929,16.5489707],[107.5932904,16.5489943],[107.5932848,16.5490254],[107.5932564,16.5490428],[107.5932252,16.5490298],[107.593208,16.5490082],[107.5931836,16.5489964],[107.5931657,16.5489707],[107.5931768,16.5489419],[107.5932062,16.548931],[107.5932281,16.5489237],[107.5932557,16.5489015],[107.5932853,16.5489154],[107.5932971,16.548944],[107.5932929,16.5489707]]]}},{"type":"Feature","properties":{"fid":62,"id":"P062","species_id":"excoecaria","height_m":7.2,"crown_diameter_m":18.6,"area_m2":273,"ground_m":0.81,"shore_distance_m":121,"observed_at":"2026-09-16","source":"demo","confidence":0.79,"verified":true,"verified_by":"demo-advisor","notes":"Demo data, not surveyed"},"geometry":{"type":"Polygon","coordinates":[[[107.5933607,16.5485083],[107.5933518,16.5485397],[107.5933436,16.54858],[107.5933078,16.5486085],[107.5932662,16.5485827],[107.5932402,16.5485609],[107.5932074,16.5485437],[107.5931814,16.5485083],[107.5931979,16.5484686],[107.5932321,16.548446],[107.5932674,16.5484387],[107.5933032,16.5484276],[107.5933485,16.5484307],[107.5933724,16.5484675],[107.5933607,16.5485083]]]}},{"type":"Feature","properties":{"fid":63,"id":"P063","species_id":"pandanus","height_m":2.9,"crown_diameter_m":12.9,"area_m2":131,"ground_m":0.93,"shore_distance_m":139,"observed_at":"2026-04-21","source":"demo","confidence":0.91,"verified":true,"verified_by":"demo-advisor","notes":"Demo data, not surveyed"},"geometry":{"type":"Polygon","coordinates":[[[107.5933721,16.5486829],[107.5933812,16.5487096],[107.5933673,16.5487358],[107.59334,16.5487529],[107.5933086,16.5487447],[107.5932891,16.5487241],[107.5932825,16.5487018],[107.5932706,16.5486829],[107.5932708,16.5486587],[107.593279,16.5486297],[107.5933078,16.548618],[107.593338,16.5486211],[107.5933561,16.5486435],[107.5933642,16.548664],[107.5933721,16.5486829]]]}},{"type":"Feature","properties":{"fid":64,"id":"P064","species_id":"excoecaria","height_m":4.6,"crown_diameter_m":22,"area_m2":381,"ground_m":0.43,"shore_distance_m":54,"observed_at":null,"source":"demo","confidence":0.69,"verified":false,"verified_by":null,"notes":"Demo data, not surveyed"},"geometry":{"type":"Polygon","coordinates":[[[107.5934535,16.5479256],[107.5934366,16.5479765],[107.593389,16.5480009],[107.5933449,16.5480036],[107.5933077,16.5480034],[107.5932701,16.5479932],[107.5932301,16.54797],[107.5932105,16.5479256],[107.5932159,16.5478746],[107.593261,16.5478471],[107.593305,16.5478363],[107.5933434,16.5478538],[107.5933831,16.5478573],[107.593424,16.5478805],[107.5934535,16.5479256]]]}},{"type":"Feature","properties":{"fid":65,"id":"P065","species_id":"excoecaria","height_m":6.4,"crown_diameter_m":17,"area_m2":228,"ground_m":1.24,"shore_distance_m":183,"observed_at":"2026-07-02","source":"demo","confidence":0.9,"verified":true,"verified_by":"demo-advisor","notes":"Demo data, not surveyed"},"geometry":{"type":"Polygon","coordinates":[[[107.5934191,16.5490982],[107.5934246,16.5491291],[107.5934182,16.549171],[107.5933771,16.5491796],[107.5933415,16.549166],[107.5933176,16.5491463],[107.5932778,16.5491351],[107.5932621,16.5490982],[107.5932808,16.5490627],[107.593314,16.5490457],[107.5933414,16.5490297],[107.5933786,16.5490103],[107.5934139,16.5490307],[107.5934212,16.5490689],[107.5934191,16.5490982]]]}},{"type":"Feature","properties":{"fid":66,"id":"P066","species_id":"derris","height_m":1.9,"crown_diameter_m":13.8,"area_m2":150,"ground_m":0.88,"shore_distance_m":153,"observed_at":"2026-08-23","source":"demo","confidence":0.83,"verified":true,"verified_by":"demo-advisor","notes":"Demo data, not surveyed"},"geometry":{"type":"Polygon","coordinates":[[[107.5934562,16.5488452],[107.593456,16.5488703],[107.5934503,16.5489037],[107.5934177,16.548913],[107.5933883,16.5489007],[107.5933694,16.5488839],[107.5933423,16.5488725],[107.5933222,16.5488452],[107.5933445,16.5488188],[107.5933709,16.5488083],[107.5933881,16.5487884],[107.5934175,16.5487783],[107.5934466,16.548791],[107.5934599,16.5488182],[107.5934562,16.5488452]]]}},{"type":"Feature","properties":{"fid":67,"id":"P067","species_id":"excoecaria","height_m":5.8,"crown_diameter_m":21.8,"area_m2":374,"ground_m":0.28,"shore_distance_m":19,"observed_at":null,"source":"demo","confidence":0.38,"verified":false,"verified_by":null,"notes":"Demo data, not surveyed"},"geometry":{"type":"Polygon","coordinates":[[[107.5935149,16.5476494],[107.5934947,16.5476825],[107.5934778,16.5477153],[107.5934479,16.5477536],[107.5933961,16.5477627],[107.5933526,16.5477342],[107.5933304,16.5476922],[107.5933398,16.5476494],[107.5933549,16.547618],[107.5933636,16.5475779],[107.5933971,16.5475403],[107.5934491,16.5475401],[107.5934967,16.5475609],[107.5935081,16.5476102],[107.5935149,16.5476494]]]}},{"type":"Feature","properties":{"fid":68,"id":"P068","species_id":"excoecaria","height_m":4.7,"crown_diameter_m":22.5,"area_m2":396,"ground_m":0.52,"shore_distance_m":65,"observed_at":"2026-03-23","source":"demo","confidence":0.77,"verified":true,"verified_by":"demo-advisor","notes":"Demo data, not surveyed"},"geometry":{"type":"Polygon","coordinates":[[[107.593533,16.5480706],[107.593526,16.548106],[107.5935066,16.5481394],[107.5934749,16.5481779],[107.5934222,16.5481847],[107.5933757,16.5481592],[107.5933589,16.5481124],[107.5933549,16.5480706],[107.593369,16.5480335],[107.5933899,16.5479991],[107.5934237,16.5479627],[107.5934787,16.5479475],[107.5935241,16.5479808],[107.5935512,16.5480236],[107.593533,16.5480706]]]}},{"type":"Feature","properties":{"fid":69,"id":"P069","species_id":"excoecaria","height_m":5.8,"crown_diameter_m":19.8,"area_m2":309,"ground_m":0.7,"shore_distance_m":116,"observed_at":null,"source":"demo","confidence":0.69,"verified":false,"verified_by":null,"notes":"Demo data, not surveyed"},"geometry":{"type":"Polygon","coordinates":[[[107.5935701,16.548532],[107.5935435,16.54857],[107.5935079,16.5485881],[107.5934824,16.5486209],[107.5934373,16.5486324],[107.5934124,16.5485906],[107.5933821,16.5485685],[107.5933526,16.548532],[107.5933799,16.5484945],[107.5934168,16.5484786],[107.5934388,16.548438],[107.5934859,16.5484282],[107.5935116,16.5484714],[107.5935332,16.5484988],[107.5935701,16.548532]]]}},{"type":"Feature","properties":{"fid":70,"id":"P070","species_id":"excoecaria","height_m":4.7,"crown_diameter_m":19.4,"area_m2":295,"ground_m":0.55,"shore_distance_m":85,"observed_at":null,"source":"demo","confidence":0.56,"verified":false,"verified_by":null,"notes":"Demo data, not surveyed"},"geometry":{"type":"Polygon","coordinates":[[[107.5936059,16.5482674],[107.593593,16.5483119],[107.593562,16.548346],[107.5935146,16.5483431],[107.5934811,16.5483325],[107.5934472,16.5483268],[107.5934117,16.5483066],[107.5933858,16.5482674],[107.5933941,16.5482201],[107.5934328,16.5481907],[107.5934795,16.5481954],[107.5935143,16.5481932],[107.5935411,16.548214],[107.5935732,16.5482321],[107.5936059,16.5482674]]]}},{"type":"Feature","properties":{"fid":71,"id":"P071","species_id":"excoecaria","height_m":6.4,"crown_diameter_m":20.1,"area_m2":319,"ground_m":1.01,"shore_distance_m":162,"observed_at":null,"source":"demo","confidence":0.48,"verified":false,"verified_by":null,"notes":"Demo data, not surveyed"},"geometry":{"type":"Polygon","coordinates":[[[107.5936264,16.5489638],[107.5936287,16.5490042],[107.5936134,16.5490506],[107.5935633,16.5490567],[107.5935247,16.5490329],[107.5934856,16.5490306],[107.5934411,16.54901],[107.5934356,16.5489638],[107.593465,16.5489286],[107.5934905,16.548903],[107.5935188,16.54887],[107.5935652,16.5488628],[107.5936086,16.5488828],[107.5936102,16.5489319],[107.5936264,16.5489638]]]}},{"type":"Feature","properties":{"fid":72,"id":"P072","species_id":"acanthus","height_m":1.6,"crown_diameter_m":18.8,"area_m2":277,"ground_m":0.34,"shore_distance_m":32,"observed_at":"2026-07-17","source":"demo","confidence":0.91,"verified":true,"verified_by":"demo-advisor","notes":"Demo data, not surveyed"},"geometry":{"type":"Polygon","coordinates":[[[107.5936466,16.5477944],[107.5936307,16.5478349],[107.5935889,16.5478496],[107.5935625,16.547876],[107.5935207,16.5478883],[107.5934922,16.5478556],[107.5934714,16.5478275],[107.5934446,16.5477944],[107.5934559,16.5477542],[107.5934983,16.5477407],[107.5935222,16.5477072],[107.5935652,16.5477012],[107.5935952,16.5477317],[107.5936143,16.5477615],[107.5936466,16.5477944]]]}},{"type":"Feature","properties":{"fid":73,"id":"P073","species_id":"pandanus","height_m":3.4,"crown_diameter_m":13.3,"area_m2":139,"ground_m":1.03,"shore_distance_m":182,"observed_at":"2026-07-30","source":"demo","confidence":0.77,"verified":true,"verified_by":"demo-advisor","notes":"Demo data, not surveyed"},"geometry":{"type":"Polygon","coordinates":[[[107.5936269,16.5491498],[107.5936059,16.5491729],[107.5935849,16.5491846],[107.5935698,16.5492079],[107.5935396,16.5492187],[107.5935133,16.5492012],[107.5935085,16.5491718],[107.5935064,16.5491498],[107.5934994,16.5491237],[107.5935081,16.5490923],[107.5935427,16.5490938],[107.5935664,16.5491063],[107.5935897,16.5491093],[107.5936228,16.549119],[107.5936269,16.5491498]]]}},{"type":"Feature","properties":{"fid":74,"id":"P074","species_id":"acanthus","height_m":1.8,"crown_diameter_m":12.9,"area_m2":130,"ground_m":0.41,"shore_distance_m":50,"observed_at":null,"source":"demo","confidence":0.63,"verified":false,"verified_by":null,"notes":"Demo data, not surveyed"},"geometry":{"type":"Polygon","coordinates":[[[107.5936886,16.5479707],[107.5936898,16.5479942],[107.593676,16.5480155],[107.5936552,16.5480396],[107.5936228,16.5480377],[107.593598,16.5480196],[107.5935919,16.5479923],[107.5935929,16.5479707],[107.5935886,16.5479475],[107.5935978,16.5479215],[107.593623,16.5479046],[107.5936554,16.5479007],[107.5936807,16.5479203],[107.5936853,16.5479492],[107.5936886,16.5479707]]]}},{"type":"Feature","properties":{"fid":75,"id":"P075","species_id":"excoecaria","height_m":7.3,"crown_diameter_m":20,"area_m2":313,"ground_m":0.77,"shore_distance_m":128,"observed_at":null,"source":"demo","confidence":0.48,"verified":false,"verified_by":null,"notes":"Demo data, not surveyed"},"geometry":{"type":"Polygon","coordinates":[[[107.5937465,16.5486739],[107.5937224,16.5487055],[107.5937028,16.5487327],[107.5936735,16.5487565],[107.5936329,16.5487618],[107.5935822,16.5487601],[107.5935581,16.5487181],[107.5935629,16.5486739],[107.5935764,16.5486381],[107.5936078,16.5486185],[107.5936339,16.5485902],[107.5936756,16.5485826],[107.5937214,16.5485927],[107.5937483,16.5486303],[107.5937465,16.5486739]]]}},{"type":"Feature","properties":{"fid":76,"id":"P076","species_id":"excoecaria","height_m":6.7,"crown_diameter_m":22.8,"area_m2":409,"ground_m":0.65,"shore_distance_m":106,"observed_at":null,"source":"demo","confidence":0.45,"verified":false,"verified_by":null,"notes":"Demo data, not surveyed"},"geometry":{"type":"Polygon","coordinates":[[[107.5937595,16.5484764],[107.59378,16.548525],[107.5937554,16.5485734],[107.5937002,16.5485835],[107.5936559,16.5485556],[107.5936156,16.5485475],[107.5935606,16.5485291],[107.5935426,16.5484764],[107.5935887,16.5484367],[107.5936229,16.5484141],[107.59365,16.5483725],[107.5937046,16.5483509],[107.5937521,16.5483835],[107.5937579,16.548438],[107.5937595,16.5484764]]]}},{"type":"Feature","properties":{"fid":77,"id":"P077","species_id":"excoecaria","height_m":6.3,"crown_diameter_m":22.7,"area_m2":406,"ground_m":0.48,"shore_distance_m":74,"observed_at":null,"source":"demo","confidence":0.49,"verified":false,"verified_by":null,"notes":"Demo data, not surveyed"},"geometry":{"type":"Polygon","coordinates":[[[107.5938163,16.5481956],[107.5937743,16.5482297],[107.5937672,16.5482757],[107.5937293,16.5483166],[107.5936787,16.548287],[107.5936389,16.5482695],[107.5935906,16.5482463],[107.5935919,16.5481956],[107.5936289,16.5481625],[107.5936276,16.548108],[107.593672,16.5480761],[107.5937194,16.5481161],[107.5937565,16.5481282],[107.5938199,16.5481404],[107.5938163,16.5481956]]]}},{"type":"Feature","properties":{"fid":78,"id":"P078","species_id":"pandanus","height_m":4.2,"crown_diameter_m":11.9,"area_m2":111,"ground_m":1.04,"shore_distance_m":170,"observed_at":"2026-09-13","source":"demo","confidence":0.9,"verified":true,"verified_by":"demo-advisor","notes":"Demo data, not surveyed"},"geometry":{"type":"Polygon","coordinates":[[[107.5937661,16.5490518],[107.5937429,16.5490696],[107.5937359,16.5490898],[107.5937182,16.5491104],[107.59369,16.5491116],[107.5936697,16.5490933],[107.5936623,16.5490712],[107.5936517,16.5490518],[107.5936428,16.5490234],[107.5936652,16.5490049],[107.5936935,16.5490068],[107.5937138,16.5490116],[107.5937402,16.5490086],[107.5937654,16.5490236],[107.5937661,16.5490518]]]}},{"type":"Feature","properties":{"fid":79,"id":"P079","species_id":"acanthus","height_m":1.3,"crown_diameter_m":12,"area_m2":113,"ground_m":0.08,"shore_distance_m":13,"observed_at":"2026-08-17","source":"demo","confidence":0.97,"verified":true,"verified_by":"demo-advisor","notes":"Demo data, not surveyed"},"geometry":{"type":"Polygon","coordinates":[[[107.5937622,16.5476402],[107.5937517,16.5476593],[107.59374,16.5476759],[107.5937228,16.5476929],[107.5936962,16.5476993],[107.5936705,16.547688],[107.5936505,16.5476678],[107.5936556,16.5476402],[107.593667,16.5476202],[107.5936823,16.5476066],[107.5936975,16.5475867],[107.5937237,16.5475835],[107.5937508,16.5475915],[107.5937658,16.5476146],[107.5937622,16.5476402]]]}},{"type":"Feature","properties":{"fid":80,"id":"P080","species_id":"excoecaria","height_m":5.9,"crown_diameter_m":19.2,"area_m2":290,"ground_m":0.86,"shore_distance_m":141,"observed_at":"2026-05-26","source":"demo","confidence":0.9,"verified":true,"verified_by":"demo-advisor","notes":"Demo data, not surveyed"},"geometry":{"type":"Polygon","coordinates":[[[107.5938644,16.5487912],[107.5938552,16.5488234],[107.5938454,16.5488631],[107.5938106,16.5488961],[107.5937668,16.5488701],[107.5937431,16.5488423],[107.5937139,16.5488243],[107.5936771,16.5487912],[107.5936955,16.5487496],[107.5937333,16.5487284],[107.5937704,16.5487274],[107.5938057,16.5487067],[107.5938496,16.5487143],[107.5938661,16.5487541],[107.5938644,16.5487912]]]}},{"type":"Feature","properties":{"fid":81,"id":"P081","species_id":"acanthus","height_m":1.5,"crown_diameter_m":12.4,"area_m2":121,"ground_m":0.37,"shore_distance_m":33,"observed_at":null,"source":"demo","confidence":0.59,"verified":false,"verified_by":null,"notes":"Demo data, not surveyed"},"geometry":{"type":"Polygon","coordinates":[[[107.593869,16.5478211],[107.5938715,16.5478493],[107.5938475,16.5478657],[107.5938201,16.547862],[107.5937989,16.5478694],[107.5937707,16.5478689],[107.59375,16.547849],[107.5937565,16.5478211],[107.5937711,16.547803],[107.5937767,16.5477807],[107.5937945,16.5477546],[107.593825,16.5477596],[107.5938402,16.5477852],[107.593854,16.547801],[107.593869,16.5478211]]]}},{"type":"Feature","properties":{"fid":82,"id":"P082","species_id":"acanthus","height_m":1.7,"crown_diameter_m":16.4,"area_m2":210,"ground_m":0.51,"shore_distance_m":60,"observed_at":"2026-09-16","source":"demo","confidence":0.77,"verified":true,"verified_by":"demo-advisor","notes":"Demo data, not surveyed"},"geometry":{"type":"Polygon","coordinates":[[[107.5939356,16.5480612],[107.5939226,16.5480962],[107.593894,16.5481178],[107.5938605,16.5481186],[107.593834,16.5481155],[107.5938052,16.5481113],[107.5937717,16.5480959],[107.5937552,16.5480612],[107.5937632,16.5480226],[107.5937987,16.5480033],[107.5938318,16.547998],[107.5938595,16.548008],[107.5938887,16.5480109],[107.5939267,16.5480244],[107.5939356,16.5480612]]]}},{"type":"Feature","properties":{"fid":83,"id":"P083","species_id":"pandanus","height_m":3.9,"crown_diameter_m":12,"area_m2":113,"ground_m":1.14,"shore_distance_m":183,"observed_at":null,"source":"demo","confidence":0.64,"verified":false,"verified_by":null,"notes":"Demo data, not surveyed"},"geometry":{"type":"Polygon","coordinates":[[[107.5939398,16.5491622],[107.5939238,16.549186],[107.593899,16.5491943],[107.5938844,16.5492135],[107.5938581,16.5492217],[107.5938399,16.5492011],[107.5938318,16.5491808],[107.5938083,16.5491622],[107.5938182,16.5491373],[107.5938416,16.5491254],[107.5938596,16.5491092],[107.5938864,16.5491025],[107.593905,16.5491227],[107.5939156,16.5491422],[107.5939398,16.5491622]]]}},{"type":"Feature","properties":{"fid":84,"id":"P084","species_id":"derris","height_m":2.1,"crown_diameter_m":13.2,"area_m2":138,"ground_m":0.69,"shore_distance_m":119,"observed_at":null,"source":"demo","confidence":0.5,"verified":false,"verified_by":null,"notes":"Demo data, not surveyed"},"geometry":{"type":"Polygon","coordinates":[[[107.5939686,16.5485771],[107.5939567,16.5486052],[107.59393,16.5486181],[107.5939075,16.5486258],[107.5938843,16.5486258],[107.5938563,16.5486248],[107.5938273,16.5486088],[107.5938195,16.5485771],[107.5938343,16.5485487],[107.5938598,16.5485337],[107.593884,16.5485269],[107.5939078,16.5485272],[107.5939364,16.5485285],[107.5939644,16.5485455],[107.5939686,16.5485771]]]}},{"type":"Feature","properties":{"fid":85,"id":"P085","species_id":"excoecaria","height_m":6.9,"crown_diameter_m":20.4,"area_m2":326,"ground_m":0.8,"shore_distance_m":158,"observed_at":null,"source":"demo","confidence":0.42,"verified":false,"verified_by":null,"notes":"Demo data, not surveyed"},"geometry":{"type":"Polygon","coordinates":[[[107.594007,16.5489318],[107.594003,16.5489768],[107.5939715,16.5490109],[107.5939258,16.5490163],[107.5938891,16.5490016],[107.5938568,16.5489906],[107.5938235,16.5489698],[107.5937989,16.5489318],[107.5938018,16.5488839],[107.5938362,16.5488483],[107.5938849,16.5488444],[107.5939229,16.5488596],[107.5939558,16.5488716],[107.5939881,16.5488938],[107.594007,16.5489318]]]}},{"type":"Feature","properties":{"fid":86,"id":"P086","species_id":"excoecaria","height_m":4.7,"crown_diameter_m":20.8,"area_m2":339,"ground_m":0.6,"shore_distance_m":95,"observed_at":null,"source":"demo","confidence":0.51,"verified":false,"verified_by":null,"notes":"Demo data, not surveyed"},"geometry":{"type":"Polygon","coordinates":[[[107.5940437,16.5483637],[107.5940104,16.5484043],[107.5939734,16.5484249],[107.5939463,16.5484636],[107.5938965,16.548473],[107.5938719,16.5484245],[107.5938418,16.5484009],[107.593809,16.5483637],[107.5938405,16.5483258],[107.5938727,16.5483039],[107.5939001,16.5482698],[107.5939477,16.5482576],[107.5939704,16.548306],[107.5940084,16.548324],[107.5940437,16.5483637]]]}},{"type":"Feature","properties":{"fid":87,"id":"P087","species_id":"excoecaria","height_m":7,"crown_diameter_m":15.7,"area_m2":193,"ground_m":0.54,"shore_distance_m":77,"observed_at":"2026-06-10","source":"demo","confidence":0.93,"verified":true,"verified_by":"demo-advisor","notes":"Demo data, not surveyed"},"geometry":{"type":"Polygon","coordinates":[[[107.594061,16.54819],[107.5940628,16.5482251],[107.5940256,16.5482368],[107.5940018,16.5482534],[107.5939673,16.5482712],[107.5939394,16.5482468],[107.5939343,16.5482141],[107.5939128,16.54819],[107.5939092,16.5481542],[107.5939467,16.5481419],[107.5939728,16.5481319],[107.5940051,16.5481126],[107.5940319,16.5481356],[107.5940394,16.5481656],[107.594061,16.54819]]]}},{"type":"Feature","properties":{"fid":88,"id":"P088","species_id":"acanthus","height_m":1.8,"crown_diameter_m":13.8,"area_m2":151,"ground_m":0.26,"shore_distance_m":51,"observed_at":null,"source":"demo","confidence":0.41,"verified":false,"verified_by":null,"notes":"Demo data, not surveyed"},"geometry":{"type":"Polygon","coordinates":[[[107.5940637,16.547957],[107.5940642,16.5479897],[107.5940315,16.5480029],[107.5940038,16.5480013],[107.5939789,16.5480173],[107.5939469,16.5480127],[107.5939252,16.5479884],[107.5939366,16.547957],[107.5939487,16.5479364],[107.5939496,16.5479045],[107.5939759,16.547884],[107.5940089,16.5478912],[107.5940281,16.5479152],[107.5940444,16.5479334],[107.5940637,16.547957]]]}},{"type":"Feature","properties":{"fid":89,"id":"P089","species_id":"acanthus","height_m":1.3,"crown_diameter_m":16.9,"area_m2":223,"ground_m":0.1,"shore_distance_m":5,"observed_at":"2026-03-14","source":"demo","confidence":0.88,"verified":true,"verified_by":"demo-advisor","notes":"Demo data, not surveyed"},"geometry":{"type":"Polygon","coordinates":[[[107.5941893,16.5475358],[107.5941796,16.547575],[107.5941465,16.5475982],[107.5941093,16.547598],[107.594081,16.5475927],[107.5940537,16.5475849],[107.594019,16.5475706],[107.5940033,16.5475358],[107.5940125,16.5474979],[107.5940418,16.5474724],[107.5940794,16.5474721],[107.594109,16.547475],[107.5941354,16.5474866],[107.5941706,16.5475006],[107.5941893,16.5475358]]]}},{"type":"Feature","properties":{"fid":90,"id":"P090","species_id":"pandanus","height_m":3.2,"crown_diameter_m":12.1,"area_m2":115,"ground_m":0.95,"shore_distance_m":189,"observed_at":"2026-05-09","source":"demo","confidence":0.84,"verified":true,"verified_by":"demo-advisor","notes":"Demo data, not surveyed"},"geometry":{"type":"Polygon","coordinates":[[[107.5941478,16.5491856],[107.5941567,16.5492123],[107.5941392,16.549234],[107.5941089,16.5492275],[107.5940866,16.5492373],[107.5940543,16.5492392],[107.5940536,16.5492065],[107.5940503,16.5491856],[107.5940423,16.5491595],[107.5940609,16.54914],[107.5940878,16.5491392],[107.594111,16.5491348],[107.5941394,16.5491368],[107.5941449,16.5491643],[107.5941478,16.5491856]]]}},{"type":"Feature","properties":{"fid":91,"id":"P091","species_id":"excoecaria","height_m":6.6,"crown_diameter_m":21.2,"area_m2":352,"ground_m":0.8,"shore_distance_m":144,"observed_at":null,"source":"demo","confidence":0.51,"verified":false,"verified_by":null,"notes":"Demo data, not surveyed"},"geometry":{"type":"Polygon","coordinates":[[[107.5942285,16.5487808],[107.594198,16.5488205],[107.5941638,16.5488431],[107.5941359,16.5488811],[107.5940864,16.548888],[107.594055,16.5488493],[107.5940263,16.5488203],[107.5940001,16.5487808],[107.5940228,16.5487396],[107.5940633,16.5487223],[107.5940882,16.5486809],[107.5941375,16.5486735],[107.5941664,16.5487153],[107.5941877,16.5487458],[107.5942285,16.5487808]]]}},{"type":"Feature","properties":{"fid":92,"id":"P092","species_id":"pandanus","height_m":4.2,"crown_diameter_m":14.7,"area_m2":170,"ground_m":1.1,"shore_distance_m":164,"observed_at":"2026-05-09","source":"demo","confidence":0.95,"verified":true,"verified_by":"demo-advisor","notes":"Demo data, not surveyed"},"geometry":{"type":"Polygon","coordinates":[[[107.5942415,16.5489563],[107.5942458,16.5489893],[107.5942282,16.549021],[107.5941915,16.549028],[107.5941603,16.5490157],[107.5941421,16.5489951],[107.5941263,16.5489785],[107.5941043,16.5489563],[107.5941058,16.5489246],[107.5941213,16.5488925],[107.594158,16.5488874],[107.5941891,16.5488946],[107.5942122,16.5489109],[107.5942297,16.5489308],[107.5942415,16.5489563]]]}},{"type":"Feature","properties":{"fid":93,"id":"P093","species_id":"excoecaria","height_m":7,"crown_diameter_m":15.9,"area_m2":200,"ground_m":0.64,"shore_distance_m":115,"observed_at":null,"source":"demo","confidence":0.65,"verified":false,"verified_by":null,"notes":"Demo data, not surveyed"},"geometry":{"type":"Polygon","coordinates":[[[107.5942972,16.5485216],[107.5942714,16.5485503],[107.5942509,16.5485718],[107.5942282,16.5486019],[107.5941909,16.5485981],[107.5941715,16.5485668],[107.5941453,16.548551],[107.594118,16.5485216],[107.5941461,16.5484925],[107.5941711,16.5484759],[107.5941903,16.5484425],[107.5942281,16.5484416],[107.5942477,16.5484752],[107.5942719,16.5484926],[107.5942972,16.5485216]]]}},{"type":"Feature","properties":{"fid":94,"id":"P094","species_id":"acanthus","height_m":1.6,"crown_diameter_m":14,"area_m2":153,"ground_m":0.14,"shore_distance_m":26,"observed_at":"2026-03-17","source":"demo","confidence":0.88,"verified":true,"verified_by":"demo-advisor","notes":"Demo data, not surveyed"},"geometry":{"type":"Polygon","coordinates":[[[107.5943419,16.5477276],[107.5943275,16.5477585],[107.5943033,16.5477788],[107.5942733,16.5477803],[107.5942495,16.5477749],[107.5942209,16.5477755],[107.5941918,16.5477594],[107.5941827,16.5477276],[107.5941971,16.5476982],[107.5942184,16.5476768],[107.5942494,16.5476801],[107.5942717,16.5476814],[107.5942998,16.5476807],[107.594327,16.547697],[107.5943419,16.5477276]]]}},{"type":"Feature","properties":{"fid":95,"id":"P095","species_id":"acanthus","height_m":1.9,"crown_diameter_m":15.5,"area_m2":189,"ground_m":0.27,"shore_distance_m":58,"observed_at":null,"source":"demo","confidence":0.36,"verified":false,"verified_by":null,"notes":"Demo data, not surveyed"},"geometry":{"type":"Polygon","coordinates":[[[107.59437,16.5480175],[107.5943594,16.5480533],[107.5943193,16.5480626],[107.5942948,16.5480723],[107.5942641,16.5480919],[107.5942242,16.5480867],[107.5942154,16.5480482],[107.5942229,16.5480175],[107.5942221,16.54799],[107.5942283,16.5479532],[107.5942621,16.5479347],[107.5942971,16.5479531],[107.5943187,16.5479732],[107.5943468,16.5479875],[107.59437,16.5480175]]]}},{"type":"Feature","properties":{"fid":96,"id":"P096","species_id":"excoecaria","height_m":5.3,"crown_diameter_m":16.1,"area_m2":204,"ground_m":0.58,"shore_distance_m":91,"observed_at":"2026-09-12","source":"demo","confidence":0.86,"verified":true,"verified_by":"demo-advisor","notes":"Demo data, not surveyed"},"geometry":{"type":"Polygon","coordinates":[[[107.5943617,16.5483164],[107.5943479,16.5483429],[107.5943325,16.5483671],[107.5943103,16.5483999],[107.5942705,16.5483999],[107.594249,16.548366],[107.5942368,16.5483411],[107.5942119,16.5483164],[107.5942061,16.5482774],[107.5942395,16.5482552],[107.5942763,16.5482574],[107.5943035,16.5482614],[107.5943442,16.5482517],[107.5943733,16.5482781],[107.5943617,16.5483164]]]}},{"type":"Feature","properties":{"fid":97,"id":"P097","species_id":"acanthus","height_m":1.2,"crown_diameter_m":16.3,"area_m2":208,"ground_m":0.17,"shore_distance_m":4,"observed_at":"2026-09-19","source":"demo","confidence":0.8,"verified":true,"verified_by":"demo-advisor","notes":"Demo data, not surveyed"},"geometry":{"type":"Polygon","coordinates":[[[107.5944274,16.5475437],[107.5944196,16.5475789],[107.594389,16.5475985],[107.5943577,16.5476039],[107.5943266,16.5476143],[107.5942881,16.5476101],[107.5942637,16.5475805],[107.5942783,16.5475437],[107.5942814,16.5475151],[107.5942932,16.5474835],[107.5943219,16.5474535],[107.5943603,16.5474727],[107.5943847,16.5474941],[107.5944012,16.547517],[107.5944274,16.5475437]]]}},{"type":"Feature","properties":{"fid":98,"id":"P098","species_id":"excoecaria","height_m":6.6,"crown_diameter_m":20.8,"area_m2":341,"ground_m":0.98,"shore_distance_m":146,"observed_at":"2026-04-28","source":"demo","confidence":0.78,"verified":true,"verified_by":"demo-advisor","notes":"Demo data, not surveyed"},"geometry":{"type":"Polygon","coordinates":[[[107.5944276,16.5488196],[107.5944426,16.5488645],[107.5944132,16.5489013],[107.5943646,16.5489007],[107.594328,16.5488923],[107.5942872,16.5488894],[107.5942433,16.5488667],[107.5942313,16.5488196],[107.5942683,16.5487841],[107.5942939,16.5487579],[107.5943236,16.5487285],[107.5943716,16.5487091],[107.5944086,16.5487435],[107.5944112,16.5487892],[107.5944276,16.5488196]]]}},{"type":"Feature","properties":{"fid":99,"id":"P099","species_id":"pandanus","height_m":3.5,"crown_diameter_m":11.9,"area_m2":111,"ground_m":0.86,"shore_distance_m":126,"observed_at":"2026-05-31","source":"demo","confidence":0.91,"verified":true,"verified_by":"demo-advisor","notes":"Demo data, not surveyed"},"geometry":{"type":"Polygon","coordinates":[[[107.5944189,16.5486425],[107.594394,16.5486609],[107.5943877,16.5486829],[107.5943683,16.5487023],[107.5943418,16.5486939],[107.5943257,16.5486765],[107.5943017,16.5486666],[107.5942869,16.5486425],[107.5943085,16.5486214],[107.5943242,16.5486066],[107.5943385,16.5485773],[107.5943657,16.5485934],[107.5943829,16.5486077],[107.5944063,16.5486183],[107.5944189,16.5486425]]]}},{"type":"Feature","properties":{"fid":100,"id":"P100","species_id":"pandanus","height_m":3,"crown_diameter_m":11.7,"area_m2":107,"ground_m":1.04,"shore_distance_m":179,"observed_at":"2026-04-13","source":"demo","confidence":0.83,"verified":true,"verified_by":"demo-advisor","notes":"Demo data, not surveyed"},"geometry":{"type":"Polygon","coordinates":[[[107.5944434,16.5491245],[107.5944295,16.5491416],[107.594427,16.5491658],[107.5944065,16.5491828],[107.5943797,16.5491787],[107.5943609,16.5491626],[107.5943501,16.5491441],[107.5943372,16.5491245],[107.5943365,16.5490986],[107.5943579,16.5490828],[107.5943826,16.5490827],[107.5944032,16.54908],[107.5944292,16.5490805],[107.5944503,16.5490979],[107.5944434,16.5491245]]]}},{"type":"Feature","properties":{"fid":101,"id":"P101","species_id":"acanthus","height_m":1.5,"crown_diameter_m":13.7,"area_m2":147,"ground_m":0.38,"shore_distance_m":38,"observed_at":null,"source":"demo","confidence":0.5,"verified":false,"verified_by":null,"notes":"Demo data, not surveyed"},"geometry":{"type":"Polygon","coordinates":[[[107.5944646,16.5478575],[107.5944698,16.5478889],[107.5944453,16.5479097],[107.5944151,16.5479131],[107.5943912,16.5479025],[107.5943608,16.5479069],[107.5943338,16.5478889],[107.5943322,16.5478575],[107.5943527,16.5478348],[107.5943665,16.547815],[107.5943853,16.5477879],[107.5944187,16.547787],[107.59444,16.5478117],[107.5944508,16.5478349],[107.5944646,16.5478575]]]}},{"type":"Feature","properties":{"fid":102,"id":"P102","species_id":"derris","height_m":2.8,"crown_diameter_m":10.7,"area_m2":90,"ground_m":0.55,"shore_distance_m":75,"observed_at":"2026-05-03","source":"demo","confidence":0.89,"verified":true,"verified_by":"demo-advisor","notes":"Demo data, not surveyed"},"geometry":{"type":"Polygon","coordinates":[[[107.5944891,16.5482017],[107.5944884,16.5482205],[107.5944832,16.5482444],[107.5944591,16.5482496],[107.5944386,16.5482397],[107.5944109,16.5482458],[107.5943995,16.5482239],[107.5944076,16.5482017],[107.5944079,16.5481833],[107.5944098,16.5481561],[107.5944361,16.5481532],[107.5944568,16.5481632],[107.5944807,16.5481619],[107.594498,16.5481784],[107.5944891,16.5482017]]]}},{"type":"Feature","properties":{"fid":103,"id":"P103","species_id":"acanthus","height_m":1.2,"crown_diameter_m":18.5,"area_m2":269,"ground_m":0.23,"shore_distance_m":15,"observed_at":"2026-05-19","source":"demo","confidence":0.9,"verified":true,"verified_by":"demo-advisor","notes":"Demo data, not surveyed"},"geometry":{"type":"Polygon","coordinates":[[[107.5945768,16.547669],[107.5945481,16.5477045],[107.5945183,16.5477257],[107.5944889,16.5477436],[107.5944491,16.5477615],[107.5944112,16.5477411],[107.5944052,16.5476994],[107.5944068,16.547669],[107.5943962,16.5476344],[107.5944053,16.5475898],[107.5944505,16.5475821],[107.5944861,16.5476061],[107.5945153,16.5476159],[107.5945511,16.5476321],[107.5945768,16.547669]]]}},{"type":"Feature","properties":{"fid":104,"id":"P104","species_id":"derris","height_m":2.2,"crown_diameter_m":9.4,"area_m2":70,"ground_m":0.48,"shore_distance_m":54,"observed_at":"2026-09-02","source":"demo","confidence":0.74,"verified":true,"verified_by":"demo-advisor","notes":"Demo data, not surveyed"},"geometry":{"type":"Polygon","coordinates":[[[107.594539,16.5480292],[107.5945189,16.5480432],[107.5945165,16.5480627],[107.5944997,16.5480761],[107.5944802,16.5480644],[107.5944668,16.5480554],[107.5944451,16.5480493],[107.5944413,16.5480292],[107.5944585,16.5480154],[107.5944611,16.5479962],[107.5944771,16.547981],[107.5944979,16.5479903],[107.594513,16.5479999],[107.5945353,16.5480077],[107.594539,16.5480292]]]}},{"type":"Feature","properties":{"fid":105,"id":"P105","species_id":"pandanus","height_m":3.1,"crown_diameter_m":12.6,"area_m2":125,"ground_m":1.12,"shore_distance_m":150,"observed_at":"2026-09-14","source":"demo","confidence":0.8,"verified":true,"verified_by":"demo-advisor","notes":"Demo data, not surveyed"},"geometry":{"type":"Polygon","coordinates":[[[107.5945561,16.5488976],[107.5945503,16.5489185],[107.5945377,16.548937],[107.5945196,16.5489589],[107.5944892,16.5489641],[107.5944607,16.5489508],[107.5944532,16.5489215],[107.5944544,16.5488976],[107.5944639,16.5488786],[107.5944724,16.5488585],[107.59449,16.5488346],[107.5945198,16.5488352],[107.5945476,16.5488464],[107.5945592,16.5488726],[107.5945561,16.5488976]]]}},{"type":"Feature","properties":{"fid":106,"id":"P106","species_id":"excoecaria","height_m":5.6,"crown_diameter_m":19.7,"area_m2":306,"ground_m":0.75,"shore_distance_m":107,"observed_at":"2026-05-11","source":"demo","confidence":0.98,"verified":true,"verified_by":"demo-advisor","notes":"Demo data, not surveyed"},"geometry":{"type":"Polygon","coordinates":[[[107.5946046,16.5485041],[107.5945742,16.5485336],[107.594559,16.5485626],[107.5945325,16.5485973],[107.5944847,16.5486115],[107.5944561,16.5485692],[107.5944489,16.5485324],[107.5944199,16.5485041],[107.5944091,16.5484574],[107.5944495,16.5484311],[107.5944917,16.5484261],[107.594528,16.5484296],[107.5945722,16.5484297],[107.5946089,16.5484586],[107.5946046,16.5485041]]]}},{"type":"Feature","properties":{"fid":107,"id":"P107","species_id":"pandanus","height_m":3.8,"crown_diameter_m":11.2,"area_m2":98,"ground_m":0.93,"shore_distance_m":130,"observed_at":"2026-05-20","source":"demo","confidence":0.87,"verified":true,"verified_by":"demo-advisor","notes":"Demo data, not surveyed"},"geometry":{"type":"Polygon","coordinates":[[[107.5946147,16.5487317],[107.5946039,16.5487535],[107.5945871,16.5487682],[107.5945667,16.5487738],[107.5945464,16.548775],[107.5945238,16.5487713],[107.5945036,16.5487562],[107.5944926,16.5487317],[107.5945073,16.5487089],[107.59453,16.5486996],[107.5945468,16.54869],[107.594567,16.5486886],[107.594593,16.5486881],[107.5946157,16.5487045],[107.5946147,16.5487317]]]}},{"type":"Feature","properties":{"fid":108,"id":"P108","species_id":"pandanus","height_m":3.1,"crown_diameter_m":14.6,"area_m2":168,"ground_m":1.07,"shore_distance_m":171,"observed_at":"2026-07-28","source":"demo","confidence":0.82,"verified":true,"verified_by":"demo-advisor","notes":"Demo data, not surveyed"},"geometry":{"type":"Polygon","coordinates":[[[107.5946397,16.5491039],[107.5946446,16.5491386],[107.594623,16.5491683],[107.5945865,16.5491754],[107.5945561,16.54916],[107.594533,16.5491478],[107.5945173,16.549128],[107.5944968,16.5491039],[107.5944971,16.5490705],[107.5945178,16.5490418],[107.5945531,16.5490351],[107.5945824,16.5490496],[107.5946061,16.5490599],[107.5946214,16.54908],[107.5946397,16.5491039]]]}},{"type":"Feature","properties":{"fid":109,"id":"P109","species_id":"excoecaria","height_m":5.9,"crown_diameter_m":18.8,"area_m2":277,"ground_m":0.65,"shore_distance_m":82,"observed_at":"2026-05-03","source":"demo","confidence":0.86,"verified":true,"verified_by":"demo-advisor","notes":"Demo data, not surveyed"},"geometry":{"type":"Polygon","coordinates":[[[107.5947332,16.5483147],[107.5947132,16.5483545],[107.5946714,16.5483683],[107.5946463,16.5483967],[107.5946034,16.5484128],[107.5945795,16.5483715],[107.5945609,16.5483451],[107.5945302,16.5483147],[107.5945433,16.5482761],[107.5945853,16.5482648],[107.5946063,16.5482285],[107.5946509,16.5482134],[107.5946769,16.5482544],[107.5946887,16.5482861],[107.5947332,16.5483147]]]}},{"type":"Feature","properties":{"fid":110,"id":"P110","species_id":"derris","height_m":2.9,"crown_diameter_m":13.5,"area_m2":143,"ground_m":0.45,"shore_distance_m":58,"observed_at":"2026-03-15","source":"demo","confidence":0.77,"verified":true,"verified_by":"demo-advisor","notes":"Demo data, not surveyed"},"geometry":{"type":"Polygon","coordinates":[[[107.59472,16.5481051],[107.5947184,16.5481369],[107.5946809,16.5481428],[107.5946627,16.5481604],[107.5946335,16.5481722],[107.5946076,16.5481555],[107.5946064,16.548125],[107.5945841,16.5481051],[107.5945841,16.548075],[107.5946143,16.5480628],[107.5946365,16.5480505],[107.5946672,16.5480309],[107.5946868,16.5480603],[107.5946985,16.5480825],[107.59472,16.5481051]]]}},{"type":"Feature","properties":{"fid":111,"id":"P111","species_id":"acanthus","height_m":1.9,"crown_diameter_m":17.1,"area_m2":230,"ground_m":0.17,"shore_distance_m":16,"observed_at":"2026-07-21","source":"demo","confidence":0.8,"verified":true,"verified_by":"demo-advisor","notes":"Demo data, not surveyed"},"geometry":{"type":"Polygon","coordinates":[[[107.5947534,16.5477341],[107.5947255,16.5477639],[107.5947004,16.5477815],[107.5946746,16.5477912],[107.5946438,16.5478062],[107.5946053,16.5478011],[107.594574,16.5477743],[107.5945717,16.5477341],[107.5945972,16.5477047],[107.5946189,16.5476835],[107.5946452,16.5476678],[107.594678,16.5476625],[107.5947184,16.547665],[107.5947471,16.5476944],[107.5947534,16.5477341]]]}},{"type":"Feature","properties":{"fid":112,"id":"P112","species_id":"derris","height_m":2.9,"crown_diameter_m":9.6,"area_m2":72,"ground_m":0.74,"shore_distance_m":107,"observed_at":null,"source":"demo","confidence":0.39,"verified":false,"verified_by":null,"notes":"Demo data, not surveyed"},"geometry":{"type":"Polygon","coordinates":[[[107.5947272,16.5485558],[107.5947213,16.5485718],[107.5947184,16.548594],[107.5946969,16.5485989],[107.5946786,16.5485895],[107.5946555,16.5485932],[107.5946377,16.5485784],[107.5946486,16.5485558],[107.5946508,16.5485393],[107.5946535,16.548516],[107.5946763,16.5485126],[107.5946948,16.5485215],[107.5947186,16.5485174],[107.5947329,16.5485344],[107.5947272,16.5485558]]]}},{"type":"Feature","properties":{"fid":113,"id":"P113","species_id":"acanthus","height_m":1.6,"crown_diameter_m":13.6,"area_m2":144,"ground_m":0.45,"shore_distance_m":34,"observed_at":null,"source":"demo","confidence":0.56,"verified":false,"verified_by":null,"notes":"Demo data, not surveyed"},"geometry":{"type":"Polygon","coordinates":[[[107.5947827,16.5479096],[107.5947908,16.5479408],[107.5947584,16.5479521],[107.5947357,16.5479624],[107.5947075,16.5479753],[107.5946796,16.547962],[107.594677,16.5479309],[107.5946596,16.5479096],[107.5946547,16.547878],[107.5946874,16.5478666],[107.5947108,16.5478577],[107.5947384,16.5478456],[107.5947674,16.5478565],[107.5947693,16.5478883],[107.5947827,16.5479096]]]}},{"type":"Feature","properties":{"fid":114,"id":"P114","species_id":"pandanus","height_m":2.9,"crown_diameter_m":10.7,"area_m2":89,"ground_m":1.03,"shore_distance_m":156,"observed_at":"2026-04-24","source":"demo","confidence":0.88,"verified":true,"verified_by":"demo-advisor","notes":"Demo data, not surveyed"},"geometry":{"type":"Polygon","coordinates":[[[107.5947874,16.5490021],[107.594769,16.5490213],[107.5947524,16.5490322],[107.5947384,16.5490486],[107.5947149,16.5490545],[107.5946947,16.5490413],[107.5946868,16.5490208],[107.5946862,16.5490021],[107.5946817,16.548981],[107.5946906,16.5489579],[107.5947167,16.5489571],[107.5947366,16.5489633],[107.5947557,16.548968],[107.5947775,16.5489789],[107.5947874,16.5490021]]]}},{"type":"Feature","properties":{"fid":115,"id":"P115","species_id":"derris","height_m":2.7,"crown_diameter_m":13.5,"area_m2":144,"ground_m":0.9,"shore_distance_m":124,"observed_at":"2026-04-09","source":"demo","confidence":0.94,"verified":true,"verified_by":"demo-advisor","notes":"Demo data, not surveyed"},"geometry":{"type":"Polygon","coordinates":[[[107.5948417,16.5487186],[107.5948145,16.5487419],[107.5947997,16.5487615],[107.5947801,16.5487864],[107.5947481,16.5487852],[107.5947296,16.5487599],[107.5947092,16.5487439],[107.5946864,16.5487186],[107.594711,16.5486942],[107.5947321,16.5486802],[107.5947473,16.5486486],[107.5947804,16.5486496],[107.5947942,16.5486823],[107.5948234,16.5486912],[107.5948417,16.5487186]]]}},{"type":"Feature","properties":{"fid":116,"id":"P116","species_id":"excoecaria","height_m":6.4,"crown_diameter_m":16.4,"area_m2":211,"ground_m":0.74,"shore_distance_m":90,"observed_at":null,"source":"demo","confidence":0.53,"verified":false,"verified_by":null,"notes":"Demo data, not surveyed"},"geometry":{"type":"Polygon","coordinates":[[[107.594912,16.548415],[107.5948922,16.5484483],[107.594859,16.5484618],[107.5948339,16.5484733],[107.5947999,16.5484999],[107.5947653,16.5484808],[107.5947578,16.5484437],[107.5947555,16.548415],[107.5947529,16.548384],[107.5947605,16.5483434],[107.5948003,16.548332],[107.5948361,16.5483477],[107.5948594,16.5483677],[107.5948952,16.5483803],[107.594912,16.548415]]]}},{"type":"Feature","properties":{"fid":117,"id":"P117","species_id":"acanthus","height_m":1.8,"crown_diameter_m":14.4,"area_m2":162,"ground_m":0.16,"shore_distance_m":6,"observed_at":"2026-03-27","source":"demo","confidence":0.82,"verified":true,"verified_by":"demo-advisor","notes":"Demo data, not surveyed"},"geometry":{"type":"Polygon","coordinates":[[[107.5949286,16.5476684],[107.5949251,16.5477008],[107.5948899,16.5477106],[107.5948678,16.5477226],[107.5948363,16.5477462],[107.5948106,16.5477216],[107.5948065,16.5476907],[107.5947857,16.5476684],[107.5947796,16.5476336],[107.5948162,16.5476219],[107.5948414,16.5476118],[107.5948723,16.5475951],[107.5949002,16.5476138],[107.5949057,16.5476449],[107.5949286,16.5476684]]]}},{"type":"Feature","properties":{"fid":118,"id":"P118","species_id":"pandanus","height_m":3.7,"crown_diameter_m":11,"area_m2":96,"ground_m":0.94,"shore_distance_m":139,"observed_at":"2026-07-11","source":"demo","confidence":0.88,"verified":true,"verified_by":"demo-advisor","notes":"Demo data, not surveyed"},"geometry":{"type":"Polygon","coordinates":[[[107.5949516,16.5488593],[107.5949567,16.5488864],[107.5949297,16.5488974],[107.5949075,16.5488993],[107.5948842,16.5489171],[107.5948621,16.5489024],[107.5948583,16.5488776],[107.5948474,16.5488593],[107.59484,16.5488325],[107.594866,16.5488208],[107.5948883,16.5488186],[107.5949117,16.5488017],[107.5949313,16.5488192],[107.594934,16.5488427],[107.5949516,16.5488593]]]}},{"type":"Feature","properties":{"fid":119,"id":"P119","species_id":"excoecaria","height_m":6.2,"crown_diameter_m":17.6,"area_m2":243,"ground_m":0.35,"shore_distance_m":46,"observed_at":"2026-07-12","source":"demo","confidence":0.95,"verified":true,"verified_by":"demo-advisor","notes":"Demo data, not surveyed"},"geometry":{"type":"Polygon","coordinates":[[[107.5950176,16.5480201],[107.5950279,16.5480611],[107.5950013,16.548095],[107.5949599,16.5481075],[107.5949224,16.54809],[107.5948996,16.5480676],[107.5948742,16.5480501],[107.5948573,16.5480201],[107.5948566,16.547982],[107.594876,16.5479443],[107.5949192,16.5479366],[107.5949568,16.5479457],[107.594981,16.5479697],[107.5950041,16.5479901],[107.5950176,16.5480201]]]}},{"type":"Feature","properties":{"fid":120,"id":"P120","species_id":"excoecaria","height_m":6.1,"crown_diameter_m":17.1,"area_m2":231,"ground_m":0.62,"shore_distance_m":66,"observed_at":null,"source":"demo","confidence":0.58,"verified":false,"verified_by":null,"notes":"Demo data, not surveyed"},"geometry":{"type":"Polygon","coordinates":[[[107.5950353,16.5481928],[107.5950098,16.5482233],[107.594984,16.5482411],[107.5949587,16.5482552],[107.5949272,16.548263],[107.5948919,16.5482552],[107.594857,16.5482329],[107.5948548,16.5481928],[107.5948704,16.5481589],[107.5949053,16.5481465],[107.5949284,16.5481278],[107.5949594,16.5481274],[107.5949992,16.5481264],[107.5950291,16.5481535],[107.5950353,16.5481928]]]}},{"type":"Feature","properties":{"fid":121,"id":"P121","species_id":"acanthus","height_m":1.8,"crown_diameter_m":14.1,"area_m2":156,"ground_m":0.38,"shore_distance_m":26,"observed_at":"2026-06-10","source":"demo","confidence":0.81,"verified":true,"verified_by":"demo-advisor","notes":"Demo data, not surveyed"},"geometry":{"type":"Polygon","coordinates":[[[107.5950876,16.54782],[107.5950699,16.547847],[107.5950487,16.5478649],[107.5950278,16.5478891],[107.5949946,16.5478902],[107.5949796,16.5478582],[107.5949515,16.5478476],[107.5949368,16.54782],[107.594954,16.5477935],[107.5949791,16.5477813],[107.5949952,16.5477519],[107.5950281,16.5477498],[107.5950456,16.5477789],[107.5950674,16.5477941],[107.5950876,16.54782]]]}},{"type":"Feature","properties":{"fid":122,"id":"P122","species_id":"derris","height_m":2.5,"crown_diameter_m":12.3,"area_m2":118,"ground_m":0.96,"shore_distance_m":126,"observed_at":null,"source":"demo","confidence":0.46,"verified":false,"verified_by":null,"notes":"Demo data, not surveyed"},"geometry":{"type":"Polygon","coordinates":[[[107.5950918,16.5487148],[107.5950868,16.5487348],[107.5950832,16.5487625],[107.5950594,16.5487814],[107.5950321,16.548763],[107.5950147,16.5487495],[107.5949941,16.5487376],[107.5949768,16.5487148],[107.5949842,16.5486874],[107.5950099,16.5486743],[107.5950322,16.5486673],[107.5950568,16.5486589],[107.5950844,16.5486656],[107.595097,16.5486901],[107.5950918,16.5487148]]]}},{"type":"Feature","properties":{"fid":123,"id":"P123","species_id":"excoecaria","height_m":4.7,"crown_diameter_m":20.2,"area_m2":319,"ground_m":0.71,"shore_distance_m":98,"observed_at":"2026-08-31","source":"demo","confidence":0.96,"verified":true,"verified_by":"demo-advisor","notes":"Demo data, not surveyed"},"geometry":{"type":"Polygon","coordinates":[[[107.5951874,16.5484498],[107.5951673,16.5484922],[107.5951288,16.5485141],[107.5950909,16.5485149],[107.5950559,16.5485313],[107.5950178,16.5485189],[107.594979,16.5484942],[107.594966,16.5484498],[107.5949806,16.548406],[107.5950226,16.5483864],[107.5950575,16.5483747],[107.5950936,16.5483729],[107.5951355,16.5483774],[107.595173,16.5484047],[107.5951874,16.5484498]]]}},{"type":"Feature","properties":{"fid":124,"id":"P124","species_id":"acanthus","height_m":1.6,"crown_diameter_m":12.4,"area_m2":121,"ground_m":0.18,"shore_distance_m":13,"observed_at":"2026-07-24","source":"demo","confidence":0.89,"verified":true,"verified_by":"demo-advisor","notes":"Demo data, not surveyed"},"geometry":{"type":"Polygon","coordinates":[[[107.5951934,16.5476635],[107.5951715,16.5476813],[107.5951661,16.5477034],[107.5951488,16.5477303],[107.595118,16.5477259],[107.595102,16.5477006],[107.5950932,16.5476818],[107.5950775,16.5476635],[107.5950701,16.5476345],[107.5950919,16.5476142],[107.5951213,16.5476148],[107.5951435,16.547619],[107.5951749,16.547613],[107.5951955,16.5476346],[107.5951934,16.5476635]]]}},{"type":"Feature","properties":{"fid":125,"id":"P125","species_id":"excoecaria","height_m":7,"crown_diameter_m":20.5,"area_m2":330,"ground_m":0.39,"shore_distance_m":49,"observed_at":null,"source":"demo","confidence":0.48,"verified":false,"verified_by":null,"notes":"Demo data, not surveyed"},"geometry":{"type":"Polygon","coordinates":[[[107.5952173,16.5479843],[107.5952139,16.5480188],[107.595206,16.5480647],[107.59516,16.5480721],[107.5951231,16.5480515],[107.5950737,16.5480629],[107.5950414,16.5480294],[107.59505,16.5479843],[107.5950602,16.5479479],[107.5950699,16.5479011],[107.5951161,16.5478875],[107.5951553,16.5479162],[107.595205,16.5479051],[107.5952396,16.5479379],[107.5952173,16.5479843]]]}},{"type":"Feature","properties":{"fid":126,"id":"P126","species_id":"excoecaria","height_m":4.8,"crown_diameter_m":21.9,"area_m2":376,"ground_m":0.81,"shore_distance_m":89,"observed_at":"2026-06-16","source":"demo","confidence":0.88,"verified":true,"verified_by":"demo-advisor","notes":"Demo data, not surveyed"},"geometry":{"type":"Polygon","coordinates":[[[107.5953268,16.5483145],[107.5952854,16.5483515],[107.5952616,16.5483821],[107.5952307,16.5484213],[107.5951798,16.5484215],[107.5951512,16.5483795],[107.5951141,16.5483566],[107.5950868,16.5483145],[107.5951187,16.5482745],[107.5951519,16.5482503],[107.5951789,16.5482035],[107.5952288,16.5482156],[107.5952544,16.5482555],[107.5953047,16.5482686],[107.5953268,16.5483145]]]}},{"type":"Feature","properties":{"fid":127,"id":"P127","species_id":"pandanus","height_m":3.2,"crown_diameter_m":14.1,"area_m2":156,"ground_m":1.17,"shore_distance_m":140,"observed_at":null,"source":"demo","confidence":0.6,"verified":false,"verified_by":null,"notes":"Demo data, not surveyed"},"geometry":{"type":"Polygon","coordinates":[[[107.5952987,16.5487659],[107.5952831,16.5487941],[107.5952573,16.5488082],[107.5952364,16.5488262],[107.5952041,16.5488415],[107.5951741,16.5488236],[107.5951693,16.5487902],[107.5951668,16.5487659],[107.5951634,16.5487388],[107.5951731,16.548707],[107.5952058,16.5486974],[107.5952341,16.5487152],[107.5952552,16.5487261],[107.5952915,16.5487338],[107.5952987,16.5487659]]]}},{"type":"Feature","properties":{"fid":128,"id":"P128","species_id":"excoecaria","height_m":5.8,"crown_diameter_m":18.4,"area_m2":267,"ground_m":0.66,"shore_distance_m":72,"observed_at":null,"source":"demo","confidence":0.6,"verified":false,"verified_by":null,"notes":"Demo data, not surveyed"},"geometry":{"type":"Polygon","coordinates":[[[107.5953402,16.5481417],[107.5953093,16.5481694],[107.5952974,16.5481994],[107.5952719,16.5482362],[107.5952276,16.548233],[107.5952025,16.548198],[107.5951825,16.5481726],[107.5951648,16.5481417],[107.5951527,16.5480971],[107.5951929,16.5480739],[107.5952319,16.5480685],[107.5952655,16.548074],[107.5953102,16.5480686],[107.5953389,16.5481004],[107.5953402,16.5481417]]]}},{"type":"Feature","properties":{"fid":129,"id":"P129","species_id":"pandanus","height_m":2.9,"crown_diameter_m":12.5,"area_m2":123,"ground_m":1.09,"shore_distance_m":122,"observed_at":null,"source":"demo","confidence":0.59,"verified":false,"verified_by":null,"notes":"Demo data, not surveyed"},"geometry":{"type":"Polygon","coordinates":[[[107.5953659,16.5485573],[107.5953758,16.5485834],[107.5953608,16.5486073],[107.5953293,16.5485996],[107.5953063,16.5486119],[107.5952771,16.548608],[107.5952684,16.5485808],[107.5952731,16.5485573],[107.5952626,16.5485312],[107.595279,16.5485088],[107.5953085,16.5485119],[107.5953311,16.5485077],[107.5953629,16.5485049],[107.5953729,16.5485326],[107.5953659,16.5485573]]]}},{"type":"Feature","properties":{"fid":130,"id":"P130","species_id":"acanthus","height_m":1.8,"crown_diameter_m":17.2,"area_m2":234,"ground_m":0.52,"shore_distance_m":49,"observed_at":"2026-05-18","source":"demo","confidence":0.83,"verified":true,"verified_by":"demo-advisor","notes":"Demo data, not surveyed"},"geometry":{"type":"Polygon","coordinates":[[[107.5954058,16.5479046],[107.5954042,16.5479406],[107.5953882,16.5479792],[107.5953457,16.5479866],[107.5953092,16.5479758],[107.5952837,16.5479556],[107.5952656,16.5479325],[107.5952472,16.5479046],[107.5952455,16.5478674],[107.5952652,16.5478313],[107.5953048,16.5478148],[107.5953447,16.5478267],[107.5953683,16.547854],[107.5953858,16.5478771],[107.5954058,16.5479046]]]}},{"type":"Feature","properties":{"fid":131,"id":"P131","species_id":"excoecaria","height_m":5.4,"crown_diameter_m":21.3,"area_m2":356,"ground_m":0.35,"shore_distance_m":28,"observed_at":"2026-07-09","source":"demo","confidence":0.75,"verified":true,"verified_by":"demo-advisor","notes":"Demo data, not surveyed"},"geometry":{"type":"Polygon","coordinates":[[[107.5954037,16.5477151],[107.5954077,16.5477515],[107.595398,16.5477983],[107.5953559,16.547829],[107.5953084,16.5478008],[107.5952801,16.5477737],[107.5952357,16.5477581],[107.5952066,16.5477151],[107.5952329,16.5476708],[107.5952728,16.5476477],[107.5953109,16.5476399],[107.595352,16.5476178],[107.595403,16.5476259],[107.5954185,16.5476737],[107.5954037,16.5477151]]]}},{"type":"Feature","properties":{"fid":132,"id":"P132","species_id":"acanthus","height_m":1.6,"crown_diameter_m":14.5,"area_m2":165,"ground_m":0.18,"shore_distance_m":11,"observed_at":null,"source":"demo","confidence":0.51,"verified":false,"verified_by":null,"notes":"Demo data, not surveyed"},"geometry":{"type":"Polygon","coordinates":[[[107.5954689,16.5475348],[107.5954592,16.5475663],[107.5954249,16.5475755],[107.5954053,16.5475947],[107.595373,16.5476105],[107.5953513,16.5475827],[107.5953385,16.5475591],[107.595316,16.5475348],[107.5953221,16.547503],[107.5953583,16.5474954],[107.5953753,16.5474687],[107.5954101,16.5474548],[107.5954287,16.5474896],[107.5954431,16.5475108],[107.5954689,16.5475348]]]}},{"type":"Feature","properties":{"fid":133,"id":"P133","species_id":"pandanus","height_m":2.8,"crown_diameter_m":12.2,"area_m2":117,"ground_m":0.97,"shore_distance_m":109,"observed_at":"2026-06-16","source":"demo","confidence":0.83,"verified":true,"verified_by":"demo-advisor","notes":"Demo data, not surveyed"},"geometry":{"type":"Polygon","coordinates":[[[107.5954884,16.5484024],[107.5954693,16.5484229],[107.5954553,16.5484388],[107.595438,16.5484567],[107.5954093,16.5484686],[107.5953885,16.5484464],[107.5953808,16.5484229],[107.5953753,16.5484024],[107.5953684,16.5483763],[107.5953844,16.5483535],[107.5954127,16.5483506],[107.5954354,16.5483589],[107.5954618,16.5483583],[107.5954886,16.5483731],[107.5954884,16.5484024]]]}},{"type":"Feature","properties":{"fid":134,"id":"P134","species_id":"excoecaria","height_m":5.3,"crown_diameter_m":17.6,"area_m2":244,"ground_m":0.81,"shore_distance_m":82,"observed_at":null,"source":"demo","confidence":0.53,"verified":false,"verified_by":null,"notes":"Demo data, not surveyed"},"geometry":{"type":"Polygon","coordinates":[[[107.5955344,16.5481501],[107.5955313,16.5481888],[107.5954959,16.5482084],[107.5954625,16.5482133],[107.5954265,16.5482376],[107.5953887,16.5482206],[107.5953871,16.5481779],[107.5953589,16.5481501],[107.5953583,16.5481089],[107.5953985,16.5480914],[107.5954326,16.548088],[107.59547,16.5480552],[107.5955001,16.5480868],[107.595505,16.5481235],[107.5955344,16.5481501]]]}},{"type":"Feature","properties":{"fid":135,"id":"P135","species_id":"excoecaria","height_m":7.2,"crown_diameter_m":22.4,"area_m2":393,"ground_m":0.71,"shore_distance_m":62,"observed_at":null,"source":"demo","confidence":0.5,"verified":false,"verified_by":null,"notes":"Demo data, not surveyed"},"geometry":{"type":"Polygon","coordinates":[[[107.5956685,16.5479345],[107.5956534,16.547984],[107.5956087,16.5480096],[107.5955638,16.5480085],[107.595527,16.5480147],[107.5954794,16.5480147],[107.5954336,16.5479864],[107.595415,16.5479345],[107.595442,16.5478864],[107.5954872,16.5478636],[107.5955259,16.5478496],[107.5955661,16.5478507],[107.5956054,16.5478633],[107.5956558,16.5478839],[107.5956685,16.5479345]]]}},{"type":"Feature","properties":{"fid":136,"id":"P136","species_id":"pandanus","height_m":3.5,"crown_diameter_m":13.7,"area_m2":146,"ground_m":1.04,"shore_distance_m":82,"observed_at":"2026-06-10","source":"demo","confidence":0.85,"verified":true,"verified_by":"demo-advisor","notes":"Demo data, not surveyed"},"geometry":{"type":"Polygon","coordinates":[[[107.5957096,16.548104],[107.5956938,16.548131],[107.5956663,16.5481412],[107.5956479,16.5481569],[107.5956195,16.5481705],[107.5955898,16.5481589],[107.5955776,16.5481307],[107.5955806,16.548104],[107.595581,16.5480789],[107.5955902,16.5480498],[107.595619,16.5480353],[107.5956491,16.5480462],[107.5956671,16.5480659],[107.5956947,16.5480767],[107.5957096,16.548104]]]}},{"type":"Feature","properties":{"fid":137,"id":"P137","species_id":"excoecaria","height_m":6.7,"crown_diameter_m":15.3,"area_m2":183,"ground_m":0.43,"shore_distance_m":32,"observed_at":"2026-08-04","source":"demo","confidence":0.75,"verified":true,"verified_by":"demo-advisor","notes":"Demo data, not surveyed"},"geometry":{"type":"Polygon","coordinates":[[[107.5957278,16.5476509],[107.5957303,16.5476783],[107.5957241,16.5477148],[107.595687,16.547718],[107.595657,16.5477096],[107.595622,16.5477097],[107.5955991,16.5476841],[107.5956094,16.5476509],[107.5956117,16.5476235],[107.5956148,16.5475834],[107.5956563,16.5475892],[107.5956832,16.5475994],[107.5957229,16.5475884],[107.5957476,16.5476155],[107.5957278,16.5476509]]]}},{"type":"Feature","properties":{"fid":138,"id":"P138","species_id":"acanthus","height_m":1.2,"crown_diameter_m":14.9,"area_m2":174,"ground_m":0.21,"shore_distance_m":4,"observed_at":"2026-07-26","source":"demo","confidence":0.8,"verified":true,"verified_by":"demo-advisor","notes":"Demo data, not surveyed"},"geometry":{"type":"Polygon","coordinates":[[[107.5957585,16.5473921],[107.5957474,16.5474148],[107.5957325,16.5474332],[107.595714,16.547458],[107.595681,16.5474646],[107.5956457,16.5474554],[107.5956314,16.547423],[107.5956359,16.5473921],[107.59565,16.5473698],[107.5956633,16.54735],[107.5956825,16.5473258],[107.5957172,16.5473129],[107.5957508,16.547329],[107.5957684,16.5473598],[107.5957585,16.5473921]]]}},{"type":"Feature","properties":{"fid":139,"id":"P139","species_id":"pandanus","height_m":3.3,"crown_diameter_m":12.1,"area_m2":116,"ground_m":1,"shore_distance_m":50,"observed_at":"2026-03-12","source":"demo","confidence":0.92,"verified":true,"verified_by":"demo-advisor","notes":"Demo data, not surveyed"},"geometry":{"type":"Polygon","coordinates":[[[107.5958016,16.5478088],[107.5958056,16.5478385],[107.5957793,16.5478543],[107.5957513,16.54785],[107.5957315,16.5478509],[107.5957031,16.5478549],[107.5956772,16.5478385],[107.595684,16.5478088],[107.5957,16.5477897],[107.595708,16.5477686],[107.595726,16.5477439],[107.5957554,16.5477502],[107.5957725,16.5477716],[107.5957863,16.5477882],[107.5958016,16.5478088]]]}}]}